Concelho,lat,lon,time,thetao,heatspot_lat,heatspot_lon,geometry,nome_praia,min,max,min2,max2
Grândola,38.17744700000003,-8.780516999999975,2026-09-28T20:00:00Z,20.8490005152998,38.16667,-8.77777767,"c(-8.78051699999997, 38.177447)",Aberta Nova (Grândola),16.008829407778265,18.95167417637071,14.537407023482041,20.42309656066693
Sintra,38.803522000000044,-9.485690999999974,2026-09-28T20:00:00Z,18.0580003827345,38.80556,-9.5,"c(-9.48569099999997, 38.803522)",Adraga (Sintra),15.583229401005843,18.634851734086855,14.057418234465336,20.160662900627358
Viana do Castelo,41.78083000000004,-8.871389999999963,2026-09-28T20:00:00Z,15.7620002736803,41.77778,-8.86111069,"c(-8.87138999999996, 41.78083)",Afife (Viana do Castelo),14.85622680772109,18.211334157782307,13.178673132690479,19.888887832812916
Vila Nova de Gaia,41.050830000000076,-8.65582999999998,2026-09-28T20:00:00Z,15.5250002624234,41.05556,-8.66666698,"c(-8.65582999999998, 41.0508300000001)",Aguda (Vila Nova de Gaia),15.56838540540635,18.655368143748884,14.024894036235084,20.19885951292015
Matosinhos,41.24109400000003,-8.727541999999971,2026-09-28T20:00:00Z,15.2240002481267,41.25,-8.72222233,"c(-8.72754199999997, 41.241094)",Agudela (Matosinhos),15.692973819883324,18.923590092756978,14.077665683446495,20.538898229193805
Machico,32.774830000000065,-16.82854999999995,2026-09-28T20:00:00Z,24.1290006710915,32.77778,-16.80556,"c(-16.82855, 32.7748300000001)",Alagoa (Machico),22.473357733239613,23.930910762275094,21.744581218721873,24.659687276792834
Castro Marim,37.16906000000006,-7.4975599999999645,2026-09-28T20:00:00Z,23.7770006543724,37.16667,-7.5,"c(-7.49755999999996, 37.1690600000001)",Alagoa - Altura (Castro Marim),18.26727138132299,21.99246233958338,16.404675902192796,23.855057818713572
Lagoa,37.090940000000046,-8.399979999999971,2026-09-28T20:00:00Z,23.1970006268239,37.08333,-8.38888931,"c(-8.39997999999997, 37.09094)",Albandeira (Lagoa),17.08446225852157,19.708139113796804,15.772623830883948,21.019977541434425
Setúbal,38.51123000000007,-8.914528999999959,2026-09-28T20:00:00Z,19.0590004302794,38.5,-8.91666698,"c(-8.91452899999996, 38.5112300000001)",Albarquel (Setúbal),15.715937847263984,18.56608869316481,14.29086242431357,19.991164116115225
Albufeira,37.08428300000003,-8.239075999999955,2026-09-28T20:00:00Z,23.3200006326661,37.08333,-8.25,"c(-8.23907599999995, 37.084283)",Alemães (Albufeira),16.998974780422532,19.940684070145064,15.528120135561263,21.411538715006333
Mafra,38.96700000000004,-9.42026599999997,2026-09-28T20:00:00Z,16.7320003197528,38.97222,-9.41666698,"c(-9.42026599999997, 38.967)",Algodio ou do Norte - Ericeira (Mafra),15.939167181335616,18.7395576537974,14.538971945104723,20.139752890028294
Loulé,37.05838000000006,-8.08352999999994,2026-09-28T20:00:00Z,23.4100006369408,37.05556,-8.08333302,"c(-8.08352999999994, 37.0583800000001)",Almargem (Loulé),17.065481136052426,20.08222657497167,15.557108416592806,21.590599294431293
Odemira,37.65234700000008,-8.801949999999977,2026-09-28T20:00:00Z,21.6770005546277,37.63889,-8.80555534,"c(-8.80194999999998, 37.6523470000001)",Almograve Norte (Odemira),16.022799711630398,19.33326423613427,14.36756744937846,20.98849649838621
Odemira,37.648622000000046,-8.80485299999998,2026-09-28T20:00:00Z,21.6770005546277,37.63889,-8.80555534,"c(-8.80485299999998, 37.648622)",Almograve Sul (Odemira),16.022799711630398,19.33326423613427,14.36756744937846,20.98849649838621
Horta,38.555638000000044,-28.609751999999958,2026-09-28T20:00:00Z,23.8756160736084,36.83334,-28.5,"c(-28.609752, 38.555638)",Almoxarife (Horta),21.72849784911786,23.21692197383471,20.98428578675944,23.961134036193133
Vila do Bispo,37.065217000000075,-8.794876999999929,2026-09-28T20:00:00Z,22.9750006162794,37.05556,-8.80555534,"c(-8.79487699999993, 37.0652170000001)",Almádena - Cabanas Velhas (Vila do Bispo),16.753432344202132,19.352525317341495,15.453885857632452,20.652071803911177
Odemira,37.51863600000007,-8.787102999999945,2026-09-28T20:00:00Z,21.5720005496405,37.52778,-8.77777767,"c(-8.78710299999995, 37.5186360000001)",Alteirinhos (Odemira),16.05401261914163,19.373413400978066,14.394312228223416,21.03311379189628
Figueira da Foz,40.154457000000036,-8.873282999999958,2026-09-28T20:00:00Z,16.288000298664,40.16667,-8.88888931,"c(-8.87328299999996, 40.154457)",Alto do Viso (Figueira da Foz),15.963366849422902,18.89812810933376,14.495986219467472,20.365508739289194
Portimão,37.120741000000066,-8.586569999999938,2026-09-28T20:00:00Z,23.0890006216941,37.11111,-8.58333302,"c(-8.58656999999994, 37.1207410000001)",Alvor - Nascente (Portimão),17.01181816719386,19.495070547875727,15.77019197685292,20.736696738216665
Portimão,37.12218000000007,-8.597239999999942,2026-09-28T20:00:00Z,23.0930006218841,37.11111,-8.61111069,"c(-8.59723999999994, 37.1221800000001)",Alvor - Poente (Portimão),17.01181816719386,19.495070547875727,15.77019197685292,20.736696738216665
Aljezur,37.16698000000008,-8.903449999999964,2026-09-28T20:00:00Z,21.8400005623698,37.16667,-8.91666698,"c(-8.90344999999996, 37.1669800000001)",Amado (Aljezur),16.805465313619077,19.76195213995766,15.327221900449787,21.240195553126952
Torres Vedras,39.14907900000003,-9.373373999999956,2026-09-28T20:00:00Z,17.2500003443565,39.13889,-9.38888931,"c(-9.37337399999996, 39.149079)",Amanhã-Santa Cruz (Torres Vedras),15.26779638284837,18.58839680402109,13.60749617226201,20.24869701460745
Aljezur,37.352130000000045,-8.845009999999945,2026-09-28T20:00:00Z,21.78400055971,37.36111,-8.83333302,"c(-8.84500999999995, 37.35213)",Amoreira - Mar (Aljezur),16.483088414227055,19.663047410144472,14.893108916268343,21.253026908103184
Viana do Castelo,41.64734200000004,-8.825871999999947,2026-09-28T20:00:00Z,15.0700002408121,41.63889,-8.83333302,"c(-8.82587199999995, 41.647342)",Amorosa-Chafé (Viana do Castelo),15.113594702495584,18.284822600561725,13.527980753462515,19.870436549594793
Viana do Castelo,41.64384800000005,-8.824427999999955,2026-09-28T20:00:00Z,15.0700002408121,41.63889,-8.83333302,"c(-8.82442799999995, 41.643848)",Amorosa-Chafé Sul (Viana do Castelo),15.113594702495584,18.284822600561725,13.527980753462515,19.870436549594793
Loulé,37.03215000000006,-8.038519999999949,2026-09-28T20:00:00Z,23.2960006315261,37.02778,-8.02777767,"c(-8.03851999999995, 37.0321500000001)",Ancão (Loulé),17.065481136052426,20.08222657497167,15.557108416592806,21.590599294431293
Matosinhos,41.26944000000003,-8.727779999999939,2026-09-28T20:00:00Z,15.0350002391497,41.27778,-8.72222233,"c(-8.72777999999994, 41.26944)",Angeiras Norte (Matosinhos),15.692973819883324,18.923590092756978,14.077665683446495,20.538898229193805
Vila do Porto,37.005040000000065,-25.157329999999945,2026-09-28T20:00:00Z,23.2745094299316,36.83334,-25.16666,"c(-25.1573299999999, 37.0050400000001)",Anjos (Vila do Porto),22.12979336237464,23.640829516892076,21.374275285115925,24.396347594150793
Ponta do Sol,32.69057000000004,-17.12047999999993,2026-09-28T20:00:00Z,23.8600006583147,32.69444,-17.11111,"c(-17.1204799999999, 32.69057)",Anjos-Ponta do Sol (Ponta do Sol),22.687212737583177,24.01480864563725,22.023414783556145,24.67860659966428
Esposende,41.48289900000003,-8.778291999999965,2026-09-28T20:00:00Z,15.303000251879,41.47222,-8.77777767,"c(-8.77829199999996, 41.482899)",Apúlia - Couve Centro (Esposende),15.092365198012716,18.385873947916384,13.445610823060882,20.03262832286822
Esposende,41.48341000000005,-8.777954999999963,2026-09-28T20:00:00Z,15.303000251879,41.47222,-8.77777767,"c(-8.77795499999996, 41.48341)",Apúlia - Couve Norte (Esposende),15.092365198012716,18.385873947916384,13.445610823060882,20.03262832286822
Esposende,41.48238100000003,-8.776753999999926,2026-09-28T20:00:00Z,15.303000251879,41.47222,-8.77777767,"c(-8.77675399999993, 41.482381)",Apúlia - Couve Sul (Esposende),15.092365198012716,18.385873947916384,13.445610823060882,20.03262832286822
Esposende,41.486492000000055,-8.781041999999957,2026-09-28T20:00:00Z,15.303000251879,41.5,-8.77777767,"c(-8.78104199999996, 41.4864920000001)",Apúlia Norte (Esposende),15.092365198012716,18.385873947916384,13.445610823060882,20.03262832286822
São Roque do Pico,38.56032000000005,-28.408759999999972,2026-09-28T20:00:00Z,23.8756160736084,36.83334,-28.5,"c(-28.40876, 38.56032)",Arcos (São Roque do Pico),21.733593462659368,23.22940502173501,20.985687683121547,23.97731080127283
Viana do Castelo,41.77028000000007,-8.8741699999999355,2026-09-28T20:00:00Z,15.7620002736803,41.77778,-8.86111069,"c(-8.87416999999994, 41.7702800000001)",Arda/Bico (Viana do Castelo),14.85622680772109,18.211334157782307,13.178673132690479,19.888887832812916
Lourinhã,39.25930600000004,-9.338491999999974,2026-09-28T20:00:00Z,16.8540003255475,39.25,-9.33333302,"c(-9.33849199999997, 39.259306)",Areal Sul (Lourinhã),15.367685069553461,18.66080984963782,13.721122679511284,20.30737223968
Ribeira Grande,37.81726000000003,-25.548309999999958,2026-09-28T20:00:00Z,23.9693164825439,36.83334,-25.58333,"c(-25.54831, 37.81726)",Areal de Santa Bárbara (Ribeira Grande),21.873021713881997,23.383216048432928,21.11792454660653,24.138313215708393
Funchal,32.642570000000035,-16.959469999999953,2026-09-28T20:00:00Z,23.6950006504776,32.63889,-16.94444,"c(-16.95947, 32.64257)",Areeiro (Funchal),22.57520631977621,23.976478849407076,21.87457005496078,24.677115114222506
Lourinhã,39.26380900000004,-9.336811999999952,2026-09-28T20:00:00Z,16.8540003255475,39.25,-9.33333302,"c(-9.33681199999995, 39.263809)",Areia Branca (Lourinhã),15.367685069553461,18.66080984963782,13.721122679511284,20.30737223968
Lourinhã,39.26380100000006,-9.336825999999974,2026-09-28T20:00:00Z,16.8540003255475,39.25,-9.33333302,"c(-9.33682599999997, 39.2638010000001)",Areia Branca - Foz (Lourinhã),15.367685069553461,18.66080984963782,13.721122679511284,20.30737223968
Vagos,40.52104300000008,-8.783518999999956,2026-09-28T20:00:00Z,15.9730002837023,40.52778,-8.77777767,"c(-8.78351899999996, 40.5210430000001)",Areão (Vagos),15.895722544496433,18.791987923247287,14.447589855121006,20.240120612622714
Silves,37.10146000000003,-8.366029999999967,2026-09-28T20:00:00Z,23.0730006209342,37.08333,-8.36111069,"c(-8.36602999999997, 37.10146)",Armação de Pêra (Silves),17.02940208429765,19.820911934440083,15.633647159226438,21.216666859511296
Olhão,37.013990000000035,-7.793839999999932,2026-09-28T20:00:00Z,23.3840006357059,37.02778,-7.80555534,"c(-7.79383999999993, 37.01399)",Armona - Mar (Olhão),17.011912722573296,20.463231785612404,15.28625319105374,22.188891317131958
Aljezur,37.29455000000007,-8.866319999999973,2026-09-28T20:00:00Z,21.8240005616099,37.30556,-8.86111069,"c(-8.86631999999997, 37.2945500000001)",Arrifana (Aljezur),16.483088414227055,19.663047410144472,14.893108916268343,21.253026908103184
Albufeira,37.075950000000034,-8.27732999999995,2026-09-28T20:00:00Z,23.2700006302912,37.05556,-8.27777767,"c(-8.27732999999995, 37.07595)",Arrifes (Albufeira),16.998974780422532,19.940684070145064,15.528120135561263,21.411538715006333
Matosinhos,41.20611000000008,-8.716669999999965,2026-09-28T20:00:00Z,15.082000241382,41.19444,-8.72222233,"c(-8.71666999999997, 41.2061100000001)",Aterro (Matosinhos),15.746319411035858,18.7792559915356,14.229851120785986,20.295724281785468
Grândola,38.45245200000005,-8.862372999999934,2026-09-28T20:00:00Z,18.9970004273346,38.44444,-8.86111069,"c(-8.86237299999993, 38.4524520000001)",Atlântica (Grândola),15.715937847263984,18.56608869316481,14.29086242431357,19.991164116115225
Vila Nova de Gaia,41.08532400000007,-8.65763499999997,2026-09-28T20:00:00Z,15.5620002641808,41.08333,-8.66666698,"c(-8.65763499999997, 41.0853240000001)",Atlântico (Vila Nova de Gaia),15.56838540540635,18.655368143748884,14.024894036235084,20.19885951292015
Albufeira,37.08353000000005,-8.231139999999925,2026-09-28T20:00:00Z,23.3670006348984,37.08333,-8.22222233,"c(-8.23113999999993, 37.0835300000001)",Aveiros (Albufeira),16.998974780422532,19.940684070145064,15.528120135561263,21.411538715006333
Cascais,38.68774600000006,-9.359925999999973,2026-09-28T20:00:00Z,18.6110004090006,38.69444,-9.36111069,"c(-9.35992599999997, 38.6877460000001)",Avencas (Cascais),16.096393329086506,18.77665910148347,14.756260442888024,20.116791987681953
Cascais,38.70063200000004,-9.389407999999946,2026-09-28T20:00:00Z,18.5460004059132,38.69444,-9.41666698,"c(-9.38940799999995, 38.700632)",Azarujinha - Estoril (Cascais),15.598085488864733,18.675185304021753,14.059535581286223,20.213735211600262
Sintra,38.84042000000005,-9.46327999999994,2026-09-28T20:00:00Z,17.846000372665,38.83333,-9.47222233,"c(-9.46327999999994, 38.8404200000001)",Azenhas do Mar (Sintra),15.583229401005843,18.634851734086855,14.057418234465336,20.160662900627358
Matosinhos,41.20778000000007,-8.71614999999997,2026-09-28T20:00:00Z,15.082000241382,41.19444,-8.72222233,"c(-8.71614999999997, 41.2077800000001)",Azul (Matosinhos),15.746319411035858,18.7792559915356,14.229851120785986,20.295724281785468
Póvoa de Varzim,41.384596000000045,-8.772298999999975,2026-09-28T20:00:00Z,15.1880002464168,41.38889,-8.77777767,"c(-8.77229899999998, 41.384596)",Azul (Póvoa de Varzim),15.550260401773892,18.831168442226833,13.909806381547423,20.4716224624533
Torres Vedras,39.11436000000003,-9.393789999999967,2026-09-28T20:00:00Z,17.1400003391318,39.11111,-9.38888931,"c(-9.39378999999997, 39.11436)",Azul (Torres Vedras),15.361493744260493,18.559219560616043,13.762630836082717,20.15808246879382
Lagoa,37.71721700000006,-25.518830999999977,2026-09-28T20:00:00Z,23.861515045166,36.83334,-25.5,"c(-25.518831, 37.7172170000001)",Baixa da Areia (Lagoa),22.27552337672306,23.565850862086638,21.630359634041273,24.211014604768426
Madalena,38.418540000000064,-28.385129999999947,2026-09-28T20:00:00Z,23.7613182067871,36.83334,-28.41666,"c(-28.3851299999999, 38.4185400000001)",Baixas (Madalena),21.642351895282783,23.15929958944933,20.883878048199513,23.9177734365326
Peniche,39.36752100000007,-9.340123999999946,2026-09-28T20:00:00Z,16.6420003154781,39.36111,-9.36111069,"c(-9.34012399999995, 39.3675210000001)",Baleal Campismo (Peniche),15.924803156825757,19.110194683735063,14.332107393371103,20.702890447189716
Peniche,39.373800000000074,-9.337132999999938,2026-09-28T20:00:00Z,17.8610003733775,39.38889,-9.33333302,"c(-9.33713299999994, 39.3738000000001)",Baleal Norte (Peniche),15.924803156825757,19.110194683735063,14.332107393371103,20.702890447189716
Peniche,39.37140000000005,-9.339016999999956,2026-09-28T20:00:00Z,17.8610003733775,39.38889,-9.33333302,"c(-9.33901699999996, 39.3714000000001)",Baleal Sul (Peniche),15.924803156825757,19.110194683735063,14.332107393371103,20.702890447189716
Mafra,38.95615500000008,-9.416157999999939,2026-09-28T20:00:00Z,16.7320003197528,38.94444,-9.41666698,"c(-9.41615799999994, 38.9561550000001)",Baleia ou do Sul - Ericeira (Mafra),15.939167181335616,18.7395576537974,14.538971945104723,20.139752890028294
Machico,32.71840000000003,-16.76189999999997,2026-09-28T20:00:00Z,23.141000624164,32.72222,-16.75,"c(-16.7619, 32.7184)",Banda d'Além (Machico),22.562768408183913,23.831824799514926,21.92824021251841,24.46635299518043
Madalena,38.543450000000064,-28.520839999999964,2026-09-28T20:00:00Z,23.9387264251709,36.83334,-28.58333,"c(-28.52084, 38.5434500000001)",Barca (Madalena),21.749879778103853,23.225622575589917,21.012008379360825,23.963493974332945
Vila do Conde,41.36169800000005,-8.760323999999969,2026-09-28T20:00:00Z,15.1880002464168,41.36111,-8.75,"c(-8.76032399999997, 41.361698)",Barcos (Vila do Conde),15.550260401773892,18.831168442226833,13.909806381547423,20.4716224624533
Silves,37.09981000000005,-8.356969999999933,2026-09-28T20:00:00Z,23.0730006209342,37.08333,-8.36111069,"c(-8.35696999999993, 37.09981)",Barcos/Armação de Pêra Nascente (Silves),17.02940208429765,19.820911934440083,15.633647159226438,21.216666859511296
Ílhavo,40.63361500000008,-8.74949799999996,2026-09-28T20:00:00Z,15.6410002679331,40.63889,-8.75,"c(-8.74949799999996, 40.6336150000001)",Barra Centro - UB5-8 (Ílhavo),15.693977376669684,18.733112389040045,14.174409870484503,20.252679895225228
Ílhavo,40.63827300000003,-8.749973999999952,2026-09-28T20:00:00Z,15.6410002679331,40.63889,-8.75,"c(-8.74997399999995, 40.638273)",Barra Norte - UB1-4 (Ílhavo),15.693977376669684,18.733112389040045,14.174409870484503,20.252679895225228
Ílhavo,40.63116400000007,-8.749848999999926,2026-09-28T20:00:00Z,15.6410002679331,40.63889,-8.75,"c(-8.74984899999993, 40.6311640000001)",Barra Sul - UB9-13 (Ílhavo),15.693977376669684,18.733112389040045,14.174409870484503,20.252679895225228
Vila do Bispo,37.042080000000055,-8.894733999999971,2026-09-28T20:00:00Z,22.9080006130971,37.02778,-8.88888931,"c(-8.89473399999997, 37.0420800000001)",Barranco (Vila do Bispo),16.77504424182386,19.64087895168372,15.34212688689393,21.07379630661365
Portimão,37.119380000000035,-8.563809999999933,2026-09-28T20:00:00Z,23.0880006216466,37.11111,-8.55555534,"c(-8.56380999999993, 37.11938)",Barranco das Canas (Portimão),17.01181816719386,19.495070547875727,15.77019197685292,20.736696738216665
Funchal,32.64649000000003,-16.89766999999995,2026-09-28T20:00:00Z,23.5380006430205,32.63889,-16.83333,"c(-16.8976699999999, 32.64649)",Barreirinha (Funchal),22.830776397688588,24.11927660650811,22.18652629327883,24.763526710917866
Tavira,37.08582000000007,-7.661449999999945,2026-09-28T20:00:00Z,23.6380006477702,37.08333,-7.66666651,"c(-7.66144999999995, 37.0858200000001)",Barril (Tavira),17.215521667459456,21.11215449041473,15.267205255981821,23.060470901892366
Santa Cruz da Graciosa,39.051120000000026,-27.970939999999928,2026-09-28T20:00:00Z,23.5582733154297,36.83334,-28,"c(-27.9709399999999, 39.05112)",Barro Vermelho (Santa Cruz da Graciosa),21.57584459287685,22.983263217914203,20.87213528035818,23.686972530432875
Lagos,37.09797000000003,-8.667769999999962,2026-09-28T20:00:00Z,23.0220006185118,37.08333,-8.66666698,"c(-8.66776999999996, 37.09797)",Batata (Lagos),16.8957269133349,19.40007845837543,15.643551140814637,20.652254230895693
Espinho,41.008890000000065,-8.646939999999972,2026-09-28T20:00:00Z,15.5860002653208,41,-8.63888931,"c(-8.64693999999997, 41.0088900000001)",Baía (Espinho),15.847386667534302,18.933208862092485,14.30447557025521,20.476119959371577
Angra do Heroísmo,38.64665000000008,-27.112819999999942,2026-09-28T20:00:00Z,18.5450004058657,38.63889,-9.25,"c(-27.1128199999999, 38.6466500000001)",Baía do Refugo (Angra do Heroísmo),21.391212721806667,22.943400933488036,20.615118615965986,23.719495039328717
Póvoa de Varzim,41.38786900000008,-8.775086999999928,2026-09-28T20:00:00Z,15.1880002464168,41.38889,-8.77777767,"c(-8.77508699999993, 41.3878690000001)",Beijinhos (Póvoa de Varzim),15.168906657362037,18.499729049334555,13.503495461375778,20.165140245320814
Almada,38.59582300000005,-9.208353999999929,2026-09-28T20:00:00Z,18.3560003968887,38.58333,-9.22222233,"c(-9.20835399999993, 38.5958230000001)",Bela Vista (Almada),16.341279233528276,18.73063240188931,15.14660264934776,19.925308986069826
Albufeira,37.09062000000006,-8.18340999999998,2026-09-28T20:00:00Z,23.4180006373208,37.08333,-8.19444466,"c(-8.18340999999998, 37.0906200000001)",Belharucas (Albufeira),17.065481136052426,20.08222657497167,15.557108416592806,21.590599294431293
Vila do Bispo,37.02529000000004,-8.964109999999948,2026-09-28T20:00:00Z,22.7030006033601,37.02778,-8.97222233,"c(-8.96410999999995, 37.02529)",Beliche (Vila do Bispo),16.77504424182386,19.64087895168372,15.34212688689393,21.07379630661365
Lagoa,37.087150000000065,-8.426359999999931,2026-09-28T20:00:00Z,23.1970006268239,37.08333,-8.41666698,"c(-8.42635999999993, 37.0871500000001)",Benagil (Lagoa),17.08446225852157,19.708139113796804,15.772623830883948,21.019977541434425
Sesimbra,38.46360100000004,-9.19353099999995,2026-09-28T20:00:00Z,18.4680004022084,38.47222,-9.19444466,"c(-9.19353099999995, 38.463601)",Bicas (Sesimbra),16.160975766684487,18.90453069601508,14.789198302019187,20.27630816068038
Praia da Vitória,38.80326000000008,-27.257419999999968,2026-09-28T20:00:00Z,23.7303695678711,36.83334,-27.25,"c(-27.25742, 38.8032600000001)",Biscoitos (Praia da Vitória),21.380450362688578,23.004754261696057,20.56829841318484,23.816906211199793
Matosinhos,41.201730000000055,-8.713779999999929,2026-09-28T20:00:00Z,15.082000241382,41.19444,-8.72222233,"c(-8.71377999999993, 41.2017300000001)",Boa Nova-Senhora (Matosinhos),15.746319411035858,18.7792559915356,14.229851120785986,20.295724281785468
Santa Cruz,32.683280000000025,-16.794559999999933,2026-09-28T20:00:00Z,22.7740006067324,32.66667,-16.77778,"c(-16.7945599999999, 32.68328)",Boaventura (Santa Cruz),22.717609318731732,24.026354595216496,22.06323668048935,24.680727233458878
Vila Nova de Gaia,41.03056000000004,-8.64638999999994,2026-09-28T20:00:00Z,15.5860002653208,41.02778,-8.63888931,"c(-8.64638999999994, 41.03056)",Boca Mar (Vila Nova de Gaia),15.847386667534302,18.933208862092485,14.30447557025521,20.476119959371577
Vila do Bispo,37.06639000000007,-8.808329999999955,2026-09-28T20:00:00Z,22.9750006162794,37.05556,-8.80555534,"c(-8.80832999999996, 37.0663900000001)",Boca do Rio (Vila do Bispo),16.753432344202132,19.352525317341495,15.453885857632452,20.652071803911177
Óbidos,39.42536700000005,-9.23518299999995,2026-09-28T20:00:00Z,17.8180003713351,39.41667,-9.25,"c(-9.23518299999995, 39.4253670000001)",Bom Sucesso (Óbidos),16.350667695338178,19.260884770308667,14.89555915785293,20.715993307793916
Aljezur,37.198510000000056,-8.904589999999928,2026-09-28T20:00:00Z,21.8310005619423,37.19444,-8.91666698,"c(-8.90458999999993, 37.1985100000001)",Bordeira (Aljezur),16.805465313619077,19.76195213995766,15.327221900449787,21.240195553126952
Figueira da Foz,40.16335900000007,-8.878901999999925,2026-09-28T20:00:00Z,16.288000298664,40.16667,-8.88888931,"c(-8.87890199999993, 40.1633590000001)",Buarcos (Figueira da Foz),15.963366849422902,18.89812810933376,14.495986219467472,20.365508739289194
Vila do Bispo,37.071600000000046,-8.775209999999959,2026-09-28T20:00:00Z,23.0060006177519,37.05556,-8.77777767,"c(-8.77520999999996, 37.0716)",Burgau (Vila do Bispo),16.753432344202132,19.352525317341495,15.453885857632452,20.652071803911177
Almada,38.64476700000006,-9.241751999999963,2026-09-28T20:00:00Z,18.5450004058657,38.63889,-9.25,"c(-9.24175199999996, 38.6447670000001)",CDS (Almada),16.600861800715236,18.837205024507576,15.482690188819069,19.955376636403745
Almada,38.60882300000003,-9.215055999999947,2026-09-28T20:00:00Z,18.3700003975537,38.61111,-9.22222233,"c(-9.21505599999995, 38.608823)",Cabana do Pescador (Almada),16.341279233528276,18.73063240188931,15.14660264934776,19.925308986069826
Tavira,37.133440000000064,-7.5896699999999555,2026-09-28T20:00:00Z,23.7460006529,37.13889,-7.58333349,"c(-7.58966999999996, 37.1334400000001)",Cabanas - Mar (Tavira),17.215521667459456,21.11215449041473,15.267205255981821,23.060470901892366
Tavira,37.12817000000007,-7.600189999999941,2026-09-28T20:00:00Z,23.7460006529,37.13889,-7.58333349,"c(-7.60018999999994, 37.1281700000001)",Cabanas Poente (Tavira),17.215521667459456,21.11215449041473,15.267205255981821,23.060470901892366
Figueira da Foz,40.14374900000007,-8.86646799999994,2026-09-28T20:00:00Z,16.288000298664,40.13889,-8.86111069,"c(-8.86646799999994, 40.1437490000001)",Cabedelinho (Figueira da Foz),15.963366849422902,18.89812810933376,14.495986219467472,20.365508739289194
Viana do Castelo,41.680000000000064,-8.83555999999993,2026-09-28T20:00:00Z,15.1700002455618,41.66667,-8.83333302,"c(-8.83555999999993, 41.6800000000001)",Cabedelo (Viana do Castelo),15.113594702495584,18.284822600561725,13.527980753462515,19.870436549594793
Figueira da Foz,40.13840800000003,-8.862754999999936,2026-09-28T20:00:00Z,16.288000298664,40.13889,-8.86111069,"c(-8.86275499999994, 40.138408)",Cabedelo Norte - UB4-6 (Figueira da Foz),15.963366849422902,18.89812810933376,14.495986219467472,20.365508739289194
Figueira da Foz,40.134224000000074,-8.86271899999997,2026-09-28T20:00:00Z,16.288000298664,40.13889,-8.86111069,"c(-8.86271899999997, 40.1342240000001)",Cabedelo Sul - UB10-12 (Figueira da Foz),15.963366849422902,18.89812810933376,14.495986219467472,20.365508739289194
Viana do Castelo,41.67795200000006,-8.831125999999927,2026-09-28T20:00:00Z,15.1700002455618,41.66667,-8.83333302,"c(-8.83112599999993, 41.6779520000001)",Cabedelo/Luziamar (Viana do Castelo),15.113594702495584,18.284822600561725,13.527980753462515,19.870436549594793
Castro Marim,37.17479000000003,-7.471979999999974,2026-09-28T20:00:00Z,23.7700006540399,37.16667,-7.47222233,"c(-7.47197999999997, 37.17479)",Cabeço (Castro Marim),18.26727138132299,21.99246233958338,16.404675902192796,23.855057818713572
Figueira da Foz,40.17509300000006,-8.896734999999978,2026-09-28T20:00:00Z,16.288000298664,40.16667,-8.88888931,"c(-8.89673499999998, 40.1750930000001)",Cabo Mondego (Figueira da Foz),15.963366849422902,18.89812810933376,14.495986219467472,20.365508739289194
Matosinhos,41.22306000000003,-8.716109999999958,2026-09-28T20:00:00Z,15.2240002481267,41.22222,-8.72222233,"c(-8.71610999999996, 41.22306)",Cabo do Mundo (Matosinhos),15.692973819883324,18.923590092756978,14.077665683446495,20.538898229193805
Madalena,38.55868000000004,-28.481429999999932,2026-09-28T20:00:00Z,23.9387264251709,36.83334,-28.58333,"c(-28.4814299999999, 38.55868)",Cais Mourato (Madalena),21.749879778103853,23.225622575589917,21.012008379360825,23.963493974332945
São Roque do Pico,38.45670000000007,-28.15155999999996,2026-09-28T20:00:00Z,23.5145168304443,36.83334,-28.16666,"c(-28.15156, 38.4567000000001)",Caisinho (São Roque do Pico),21.56133370464631,23.010801149891797,20.836599982023568,23.73553487251454
Lajes do Pico,38.43898400000006,-28.055579999999964,2026-09-28T20:00:00Z,23.5185127258301,36.83334,-28.08333,"c(-28.05558, 38.4389840000001)",Calhau (Lajes do Pico),21.260714420299948,22.699572576958715,20.541285341970568,23.419001655288096
Ribeira Brava,32.66167000000007,-17.037319999999966,2026-09-28T20:00:00Z,23.8480006577447,32.66667,-17.05556,"c(-17.03732, 32.6616700000001)",Calhau da Lapa (Ribeira Brava),22.57520631977621,23.976478849407076,21.87457005496078,24.677115114222506
Santa Cruz,32.68452000000008,-16.793609999999944,2026-09-28T20:00:00Z,22.7740006067324,32.66667,-16.77778,"c(-16.7936099999999, 32.6845200000001)",Calhau das Gordas (Santa Cruz),22.717609318731732,24.026354595216496,22.06323668048935,24.680727233458878
Calheta,32.71911000000006,-17.174979999999948,2026-09-28T20:00:00Z,23.9050006604521,32.72222,-17.16667,"c(-17.1749799999999, 32.7191100000001)",Calheta (Calheta),22.76959648337866,24.01729846709144,22.14574549152227,24.64114945894783
Praia da Vitória,38.799750000000074,-27.245959999999968,2026-09-28T20:00:00Z,23.7303695678711,36.83334,-27.25,"c(-27.24596, 38.7997500000001)",Calheta dos Lagadores (Praia da Vitória),21.380450362688578,23.004754261696057,20.56829841318484,23.816906211199793
Ribeira Grande,37.82435000000004,-25.606319999999982,2026-09-28T20:00:00Z,23.9693164825439,36.83334,-25.58333,"c(-25.60632, 37.82435)",Calhetas (Ribeira Grande),21.873021713881997,23.383216048432928,21.11792454660653,24.138313215708393
Sesimbra,38.442378000000076,-9.099058999999954,2026-09-28T20:00:00Z,19.0950004319893,38.41667,-9.11111069,"c(-9.09905899999995, 38.4423780000001)",Califórnia (Sesimbra),16.028802666282054,18.779062979582527,14.653672509631816,20.154193136232767
Lagoa,37.71330000000006,-25.495649999999955,2026-09-28T20:00:00Z,23.861515045166,36.83334,-25.5,"c(-25.49565, 37.7133000000001)",Caloura (Lagoa),22.27552337672306,23.565850862086638,21.630359634041273,24.211014604768426
Grândola,38.463108000000034,-8.87901299999993,2026-09-28T20:00:00Z,18.9970004273346,38.47222,-8.88888931,"c(-8.87901299999993, 38.463108)",Camarinhas (Grândola),15.715937847263984,18.56608869316481,14.29086242431357,19.991164116115225
Lagos,37.08736000000005,-8.668389999999931,2026-09-28T20:00:00Z,23.0220006185118,37.08333,-8.66666698,"c(-8.66838999999993, 37.08736)",Camilo (Lagos),16.8957269133349,19.40007845837543,15.643551140814637,20.652254230895693
Lagoa,37.10486000000003,-8.513999999999953,2026-09-28T20:00:00Z,23.1090006226441,37.11111,-8.52777767,"c(-8.51399999999995, 37.10486)",Caneiros (Lagoa),17.087604270034063,19.608635028741837,15.827088890680175,20.869150408095724
Vila Nova de Gaia,41.115279000000044,-8.664703999999972,2026-09-28T20:00:00Z,15.4370002582436,41.11111,-8.66666698,"c(-8.66470399999997, 41.115279)",Canide Norte (Vila Nova de Gaia),15.56838540540635,18.655368143748884,14.024894036235084,20.19885951292015
Vila Nova de Gaia,41.11194000000006,-8.663609999999949,2026-09-28T20:00:00Z,15.4370002582436,41.11111,-8.66666698,"c(-8.66360999999995, 41.1119400000001)",Canide Sul (Vila Nova de Gaia),15.56838540540635,18.655368143748884,14.024894036235084,20.19885951292015
Cascais,38.68024500000007,-9.337260999999955,2026-09-28T20:00:00Z,18.6560004111379,38.66667,-9.33333302,"c(-9.33726099999996, 38.6802450000001)",Carcavelos Nascente (Cascais),16.096393329086506,18.77665910148347,14.756260442888024,20.116791987681953
Cascais,38.678206000000046,-9.332131999999945,2026-09-28T20:00:00Z,18.6560004111379,38.66667,-9.33333302,"c(-9.33213199999994, 38.678206)",Carcavelos Poente (Cascais),16.096393329086506,18.77665910148347,14.756260442888024,20.116791987681953
Portimão,37.11871000000008,-8.554989999999975,2026-09-28T20:00:00Z,23.0880006216466,37.11111,-8.55555534,"c(-8.55498999999998, 37.1187100000001)",Careanos/Amado (Portimão),17.01181816719386,19.495070547875727,15.77019197685292,20.736696738216665
Porto,41.14881900000006,-8.67619099999996,2026-09-28T20:00:00Z,14.6540002210531,41.13889,-8.66666698,"c(-8.67619099999996, 41.1488190000001)",Carneiro (Porto),15.413265819753125,18.54841300431055,13.845692227474412,20.115986596589263
Viana do Castelo,41.74139000000008,-8.877219999999966,2026-09-28T20:00:00Z,15.7210002717329,41.75,-8.88888931,"c(-8.87721999999997, 41.7413900000001)",Carreço (Viana do Castelo),14.85622680772109,18.211334157782307,13.178673132690479,19.888887832812916
Grândola,38.30580400000008,-8.778506999999934,2026-09-28T20:00:00Z,20.2110004849965,38.30556,-8.77777767,"c(-8.77850699999993, 38.3058040000001)",Carvalhal (Grândola),15.837355090862792,18.719634106304188,14.396215583142094,20.160773614024883
Odemira,37.49989100000005,-8.790683999999942,2026-09-28T20:00:00Z,21.5390005480731,37.5,-8.80555534,"c(-8.79068399999994, 37.499891)",Carvalhal (Odemira),16.05401261914163,19.373413400978066,14.394312228223416,21.03311379189628
Póvoa de Varzim,41.38078100000007,-8.770336999999927,2026-09-28T20:00:00Z,15.1880002464168,41.38889,-8.77777767,"c(-8.77033699999993, 41.3807810000001)",Carvalhido (Póvoa de Varzim),15.550260401773892,18.831168442226833,13.909806381547423,20.4716224624533
Lagoa,37.09617000000003,-8.47226999999998,2026-09-28T20:00:00Z,23.153000624734,37.08333,-8.47222233,"c(-8.47226999999998, 37.09617)",Carvoeiro (Lagoa),17.087604270034063,19.608635028741837,15.827088890680175,20.869150408095724
Vila do Bispo,37.10015000000004,-8.945749999999975,2026-09-28T20:00:00Z,21.9280005665496,37.11111,-8.94444466,"c(-8.94574999999998, 37.10015)",Castelejo (Vila do Bispo),16.805465313619077,19.76195213995766,15.327221900449787,21.240195553126952
Albufeira,37.073270000000036,-8.298749999999927,2026-09-28T20:00:00Z,23.2140006276313,37.05556,-8.30555534,"c(-8.29874999999993, 37.07327)",Castelo (Albufeira),17.02940208429765,19.820911934440083,15.633647159226438,21.216666859511296
Almada,38.61292100000003,-9.217213999999956,2026-09-28T20:00:00Z,18.3700003975537,38.61111,-9.22222233,"c(-9.21721399999996, 38.612921)",Castelo (Almada),16.341279233528276,18.73063240188931,15.14660264934776,19.925308986069826
Horta,38.51840000000004,-28.72610999999995,2026-09-28T20:00:00Z,23.9162464141846,36.83334,-28.75,"c(-28.7261099999999, 38.5184)",Castelo Branco (Horta),21.60980102134507,22.885919647995564,20.971741708019824,23.52397896132081
Porto,41.168060000000025,-8.690279999999973,2026-09-28T20:00:00Z,14.7400002251379,41.16667,-8.69444466,"c(-8.69027999999997, 41.16806)",Castelo do Queijo (Porto),15.413265819753125,18.54841300431055,13.845692227474412,20.115986596589263
Cascais,38.69802000000004,-9.273828999999978,2026-09-28T20:00:00Z,18.644000410568,38.69444,-9.27777767,"c(-9.27382899999998, 38.69802)",Caxias (Cascais),16.600861800715236,18.837205024507576,15.482690188819069,19.955376636403745
Vila do Conde,41.35784700000005,-8.75641799999994,2026-09-28T20:00:00Z,15.1880002464168,41.36111,-8.75,"c(-8.75641799999994, 41.357847)",Caxinas (Vila do Conde),15.550260401773892,18.831168442226833,13.909806381547423,20.4716224624533
Matosinhos,41.265280000000075,-8.728609999999946,2026-09-28T20:00:00Z,15.0350002391497,41.27778,-8.72222233,"c(-8.72860999999995, 41.2652800000001)",Central (Matosinhos),15.692973819883324,18.923590092756978,14.077665683446495,20.538898229193805
Torres Vedras,39.13786200000004,-9.382425999999953,2026-09-28T20:00:00Z,17.2500003443565,39.13889,-9.38888931,"c(-9.38242599999995, 39.137862)",Centro-Santa Cruz (Torres Vedras),15.26779638284837,18.58839680402109,13.60749617226201,20.24869701460745
Esposende,41.554170000000056,-8.793889999999976,2026-09-28T20:00:00Z,15.3390002535889,41.55556,-8.80555534,"c(-8.79388999999998, 41.5541700000001)",Cepães (Esposende),15.045071468285764,18.293966521606354,13.42062394162547,19.91841404826665
Angra do Heroísmo,38.674720000000036,-27.328059999999937,2026-09-28T20:00:00Z,23.7155723571777,36.83334,-27.33333,"c(-27.3280599999999, 38.67472)",Cinco Ribeiras (Angra do Heroísmo),21.437457355321413,23.060177457868086,20.626097304048077,23.871537509141422
Lajes do Pico,38.39830200000006,-28.253597999999954,2026-09-28T20:00:00Z,23.5547122955322,36.83334,-28.25,"c(-28.253598, 38.3983020000001)",Clube Naval Das Lajes (Lajes do Pico),21.635060685924323,23.17156095606068,20.86681055085614,23.939811091128863
São Vicente,32.813150000000064,-17.032989999999927,2026-09-28T20:00:00Z,23.8320006569847,32.80556,-17.02778,"c(-17.0329899999999, 32.8131500000001)",Clube Naval de São Vicente (São Vicente),22.433529691034114,23.932235929088588,21.68417657200688,24.68158904811582
Funchal,32.63472000000007,-16.938889999999958,2026-09-28T20:00:00Z,23.6950006504776,32.63889,-16.94444,"c(-16.93889, 32.6347200000001)",Clube Naval do Funchal (Funchal),22.830776397688588,24.11927660650811,22.18652629327883,24.763526710917866
Porto Moniz,32.82313000000005,-17.10251999999997,2026-09-28T20:00:00Z,23.7880006548949,32.83333,-17.11111,"c(-17.10252, 32.82313)",Clube Naval do Seixal (Porto Moniz),22.433529691034114,23.932235929088588,21.68417657200688,24.68158904811582
Póvoa de Varzim,41.438060000000064,-8.78138999999993,2026-09-28T20:00:00Z,15.3500002541114,41.44444,-8.77777767,"c(-8.78138999999993, 41.4380600000001)",Codixeira (Póvoa de Varzim),15.168906657362037,18.499729049334555,13.503495461375778,20.165140245320814
Albufeira,37.07363000000004,-8.293529999999976,2026-09-28T20:00:00Z,23.2140006276313,37.05556,-8.30555534,"c(-8.29352999999998, 37.07363)",Coelha (Albufeira),17.02940208429765,19.820911934440083,15.633647159226438,21.216666859511296
Funchal,32.63397000000003,-16.94085999999993,2026-09-28T20:00:00Z,23.6950006504776,32.63889,-16.94444,"c(-16.9408599999999, 32.63397)",Complexo Balnear Ponta Gorda-Poças do Governador (Funchal),22.830776397688588,24.11927660650811,22.18652629327883,24.763526710917866
Câmara de Lobos,32.645880000000034,-16.973209999999938,2026-09-28T20:00:00Z,23.6950006504776,32.63889,-16.94444,"c(-16.9732099999999, 32.64588)",Complexo Balnear das Salinas (Câmara de Lobos),22.57520631977621,23.976478849407076,21.87457005496078,24.677115114222506
Grândola,38.38144200000005,-8.802597999999932,2026-09-28T20:00:00Z,19.5620004541706,38.38889,-8.80555534,"c(-8.80259799999993, 38.381442)",Comporta (Grândola),15.837355090862792,18.719634106304188,14.396215583142094,20.160773614024883
Cascais,38.70004800000004,-9.41636399999993,2026-09-28T20:00:00Z,18.5460004059132,38.69444,-9.41666698,"c(-9.41636399999993, 38.700048)",Conceição (Cascais),15.598085488864733,18.675185304021753,14.059535581286223,20.213735211600262
Horta,38.542860000000076,-28.619059999999934,2026-09-28T20:00:00Z,23.9387264251709,38.69444,-9.41666698,"c(-28.6190599999999, 38.5428600000001)",Conceição (Horta),21.72849784911786,23.21692197383471,20.98428578675944,23.961134036193133
Vila do Conde,41.29506800000007,-8.736217999999951,2026-09-28T20:00:00Z,15.1980002468918,41.30556,-8.75,"c(-8.73621799999995, 41.2950680000001)",Congreira (Vila do Conde),15.550260401773892,18.831168442226833,13.909806381547423,20.4716224624533
Peniche,39.32695800000005,-9.359769999999969,2026-09-28T20:00:00Z,16.6420003154781,39.33333,-9.36111069,"c(-9.35976999999997, 39.326958)",Consolação (Peniche),15.679035074078293,18.924632286225325,14.056236468004776,20.54743089229884
Peniche,39.32933600000007,-9.359466999999938,2026-09-28T20:00:00Z,16.6420003154781,39.33333,-9.36111069,"c(-9.35946699999994, 39.3293360000001)",Consolação Norte (Peniche),15.679035074078293,18.924632286225325,14.056236468004776,20.54743089229884
Vila do Bispo,37.10942000000006,-8.937819999999931,2026-09-28T20:00:00Z,21.9280005665496,37.11111,-8.94444466,"c(-8.93781999999993, 37.1094200000001)",Cordoama (Vila do Bispo),16.805465313619077,19.76195213995766,15.327221900449787,21.240195553126952
Vila Franca do Campo,37.71384000000006,-25.437239999999974,2026-09-28T20:00:00Z,23.7271461486816,36.83334,-25.41666,"c(-25.43724, 37.7138400000001)",Corpo Santo (Vila Franca do Campo),21.83457195126189,23.347793579041653,21.077961137372004,24.10440439293154
Ovar,40.940473000000054,-8.659555999999952,2026-09-28T20:00:00Z,15.6200002669357,40.94444,-8.66666698,"c(-8.65955599999995, 40.9404730000001)",Cortegaça (Ovar),16.030471875895458,18.975301825346257,14.558056901170058,20.447716800071657
Ovar,40.93934500000006,-8.659183999999925,2026-09-28T20:00:00Z,15.6200002669357,40.94444,-8.66666698,"c(-8.65918399999993, 40.9393450000001)",Cortegaça - Parque Campismo (Ovar),16.030471875895458,18.975301825346257,14.558056901170058,20.447716800071657
Alcobaça,39.67262000000005,-31.121879999999976,2026-09-28T20:00:00Z,23.6412258148193,36.83334,-31.08333,NA,Corvo/Areia (Corvo),21.4192053962259,23.019781561379492,20.618917313649106,23.820069643956288
Ílhavo,40.617485000000045,-8.754114999999956,2026-09-28T20:00:00Z,15.9310002817074,40.61111,-8.75,"c(-8.75411499999996, 40.617485)",Costa Nova (Ílhavo),15.895722544496433,18.791987923247287,14.447589855121006,20.240120612622714
Ílhavo,40.61446500000005,-8.75447399999996,2026-09-28T20:00:00Z,15.9310002817074,40.61111,-8.75,"c(-8.75447399999996, 40.6144650000001)",Costa Nova Sul (Ílhavo),15.895722544496433,18.791987923247287,14.447589855121006,20.240120612622714
Figueira da Foz,40.09130600000003,-8.876099999999951,2026-09-28T20:00:00Z,16.4060003042687,40.08333,-8.88888931,"c(-8.87609999999995, 40.091306)",Costa de Lavos (Figueira da Foz),15.963366849422902,18.89812810933376,14.495986219467472,20.365508739289194
Santiago do Cacém,38.11407000000003,-8.79645499999998,2026-09-28T20:00:00Z,21.0930005268892,38.11111,-8.80555534,"c(-8.79645499999998, 38.11407)",Costa de Santo André (Santiago do Cacém),15.924553506856036,18.969889729327654,14.401885395620228,20.492557840563464
Lagoa,37.09858000000003,-8.37991999999997,2026-09-28T20:00:00Z,23.1970006268239,37.08333,-8.38888931,"c(-8.37991999999997, 37.09858)",Cova Redonda (Lagoa),17.08446225852157,19.708139113796804,15.772623830883948,21.019977541434425
Peniche,39.36099000000007,-9.36263299999996,2026-09-28T20:00:00Z,16.6420003154781,39.36111,-9.36111069,"c(-9.36263299999996, 39.3609900000001)",Cova da Alfarroba (Peniche),15.679035074078293,18.924632286225325,14.056236468004776,20.54743089229884
Almada,38.66200200000003,-9.259736999999973,2026-09-28T20:00:00Z,18.5450004058657,38.66667,-9.25,"c(-9.25973699999997, 38.662002)",Cova do Vapor (Almada),16.600861800715236,18.837205024507576,15.482690188819069,19.955376636403745
Figueira da Foz,40.12530000000004,-8.864240999999936,2026-09-28T20:00:00Z,16.288000298664,40.13889,-8.86111069,"c(-8.86424099999994, 40.1253)",Cova-Gala (Figueira da Foz),15.963366849422902,18.89812810933376,14.495986219467472,20.365508739289194
Mafra,39.00441500000005,-9.42584299999993,2026-09-28T20:00:00Z,17.0390003343346,39,-9.44444466,"c(-9.42584299999993, 39.0044150000001)",Coxos - Ericeira (Mafra),15.939167181335616,18.7395576537974,14.538971945104723,20.139752890028294
Madalena,38.50501000000003,-28.54132999999996,2026-09-28T20:00:00Z,23.8756160736084,36.83334,-28.5,"c(-28.54133, 38.50501)",Criação Velha (Madalena),21.55038843242109,22.827287863125296,20.91193871706899,23.4657375784774
Cascais,38.72629500000005,-9.476986999999951,2026-09-28T20:00:00Z,18.4920004033484,38.72222,-9.47222233,"c(-9.47698699999995, 38.7262950000001)",Cresmina (Cascais),15.538739079029682,18.660428262061217,13.977894487513913,20.221272853576984
Faro,36.98545000000007,-7.8390399999999545,2026-09-28T20:00:00Z,23.2980006316211,36.97222,-7.86111116,"c(-7.83903999999995, 36.9854500000001)",Culatra - Mar (Faro),17.828868315776226,20.538899798025213,16.473852574651733,21.893915539149706
Lagos,37.09160000000003,-8.668999999999926,2026-09-28T20:00:00Z,23.0220006185118,37.08333,-8.66666698,"c(-8.66899999999993, 37.0916)",D. Ana (Lagos),16.8957269133349,19.40007845837543,15.643551140814637,20.652254230895693
Faro,36.96403200000003,-7.872707999999932,2026-09-28T20:00:00Z,23.1591205596924,36.83334,-25.08333,"c(-7.87270799999993, 36.964032)",Deserta - Barreta (Faro),17.828868315776226,20.538899798025213,16.473852574651733,21.893915539149706
Almada,38.63957800000003,-9.237651999999969,2026-09-28T20:00:00Z,18.3700003975537,38.63889,-9.22222233,"c(-9.23765199999997, 38.639578)",Dragão Vermelho (Almada),16.600861800715236,18.837205024507576,15.482690188819069,19.955376636403745
Vila Nova de Gaia,41.08250000000004,-8.656939999999963,2026-09-28T20:00:00Z,15.5620002641808,41.08333,-8.66666698,"c(-8.65693999999996, 41.0825)",Dunas Mar (Vila Nova de Gaia),15.56838540540635,18.655368143748884,14.024894036235084,20.19885951292015
Cascais,38.700766000000044,-9.414448999999934,2026-09-28T20:00:00Z,18.5610004066257,38.69444,-9.38888931,"c(-9.41444899999993, 38.700766)",Duquesa (Cascais),15.598085488864733,18.675185304021753,14.059535581286223,20.213735211600262
Praia da Vitória,38.78729000000004,-27.135639999999967,2026-09-28T20:00:00Z,23.7382068634033,36.83334,-27.16666,"c(-27.13564, 38.78729)",Escaleiras (Praia da Vitória),21.37471167264745,22.99861689177503,20.56275906308366,23.81056950133882
Ovar,40.95363500000008,-8.656925999999942,2026-09-28T20:00:00Z,15.6200002669357,40.94444,-8.66666698,"c(-8.65692599999994, 40.9536350000001)",Esmoriz (Ovar),16.030471875895458,18.975301825346257,14.558056901170058,20.447716800071657
Póvoa de Varzim,41.401189000000045,-8.778588999999954,2026-09-28T20:00:00Z,15.1880002464168,41.38889,-8.77777767,"c(-8.77858899999995, 41.401189)",Esteiro (Póvoa de Varzim),15.168906657362037,18.499729049334555,13.503495461375778,20.165140245320814
Póvoa de Varzim,41.44306000000006,-8.77971999999994,2026-09-28T20:00:00Z,15.3500002541114,41.44444,-8.77777767,"c(-8.77971999999994, 41.4430600000001)",Estela (Póvoa de Varzim),15.168906657362037,18.499729049334555,13.503495461375778,20.165140245320814
Vila Nova de Gaia,41.12256600000006,-8.667499999999961,2026-09-28T20:00:00Z,15.4370002582436,41.11111,-8.66666698,"c(-8.66749999999996, 41.1225660000001)",Estrela-do-Mar (Vila Nova de Gaia),15.56838540540635,18.655368143748884,14.024894036235084,20.19885951292015
Albufeira,37.07417000000004,-8.303169999999966,2026-09-28T20:00:00Z,23.2140006276313,37.05556,-8.30555534,"c(-8.30316999999997, 37.07417)",Evaristo (Albufeira),17.02940208429765,19.820911934440083,15.633647159226438,21.216666859511296
Horta,38.61020000000008,-28.756009999999947,2026-09-28T20:00:00Z,23.9162464141846,36.83334,-28.75,"c(-28.7560099999999, 38.6102000000001)",Fajã (Horta),21.47462043893925,22.824835777742212,20.79951276953777,23.499943447143693
Santa Cruz das Flores,39.45941000000005,-31.262059999999963,2026-09-28T20:00:00Z,23.6239929199219,36.83334,-31.25,"c(-31.26206, 39.45941)",Fajã Grande (Santa Cruz das Flores),21.374497912019944,22.95561644302477,20.58393864651753,23.746175708527183
Câmara de Lobos,32.65094000000005,-16.993249999999932,2026-09-28T20:00:00Z,23.6500006483402,32.63889,-17,"c(-16.9932499999999, 32.65094)",Fajã das Bebras (Câmara de Lobos),22.57520631977621,23.976478849407076,21.87457005496078,24.677115114222506
Câmara de Lobos,32.653680000000065,-17.002899999999954,2026-09-28T20:00:00Z,23.6500006483402,32.63889,-17,"c(-17.0029, 32.6536800000001)",Fajã dos Asnos (Câmara de Lobos),22.57520631977621,23.976478849407076,21.87457005496078,24.677115114222506
Ribeira Brava,32.65428000000003,-17.022399999999948,2026-09-28T20:00:00Z,23.6430006480077,32.63889,-17.02778,"c(-17.0223999999999, 32.65428)",Fajã dos Padres (Ribeira Brava),22.57520631977621,23.976478849407076,21.87457005496078,24.677115114222506
Albufeira,37.08335000000005,-8.159119999999973,2026-09-28T20:00:00Z,23.4590006392682,37.08333,-8.16666698,"c(-8.15911999999997, 37.0833500000001)",Falésia Alfamar (Albufeira),17.065481136052426,20.08222657497167,15.557108416592806,21.590599294431293
Albufeira,37.08589000000006,-8.168149999999969,2026-09-28T20:00:00Z,23.4590006392682,37.08333,-8.16666698,"c(-8.16814999999997, 37.0858900000001)",Falésia Açoteias (Albufeira),17.065481136052426,20.08222657497167,15.557108416592806,21.590599294431293
Faro,37.00690000000003,-7.993699999999933,2026-09-28T20:00:00Z,23.2960006315261,37,-8,"c(-7.99369999999993, 37.0069)",Faro - Mar Central (Faro),17.68028954604816,20.35122855178226,16.344820043181112,21.68669805464931
Faro,37.002000000000066,-7.9862999999999715,2026-09-28T20:00:00Z,23.2960006315261,37,-8,"c(-7.98629999999997, 37.0020000000001)",Faro - Mar Nascente (Faro),17.68028954604816,20.35122855178226,16.344820043181112,21.68669805464931
Faro,37.00790000000006,-7.995599999999968,2026-09-28T20:00:00Z,23.2960006315261,37,-8,"c(-7.99559999999997, 37.0079000000001)",Faro - Mar Poente (Faro),17.68028954604816,20.35122855178226,16.344820043181112,21.68669805464931
Odemira,37.720274000000074,-8.788789999999949,2026-09-28T20:00:00Z,21.6100005514454,37.72222,-8.77777767,"c(-8.78878999999995, 37.7202740000001)",Farol (Odemira),15.934154980325836,19.25479401697256,14.273835462002472,20.915113535295923
Lagoa,37.11728000000005,-8.521819999999934,2026-09-28T20:00:00Z,23.1090006226441,37.11111,-8.52777767,"c(-8.52181999999993, 37.1172800000001)",Ferragudo - Praia Grande (Lagoa),17.087604270034063,19.608635028741837,15.827088890680175,20.869150408095724
Madalena,38.48478700000004,-8.945189999999968,2026-09-28T20:00:00Z,19.0890004317043,38.47222,-8.94444466,"c(-8.94518999999997, 38.484787)",Figueirinha (Madalena),15.715937847263984,18.56608869316481,14.29086242431357,19.991164116115225
Lajes do Pico,38.41225000000003,-28.289372999999955,2026-09-28T20:00:00Z,23.5547122955322,36.83334,-28.25,"c(-28.289373, 38.41225)",Fonte (Lajes do Pico),21.301543234894066,22.675090158239993,20.614769773221106,23.361863619912953
Almada,38.57182900000004,-9.195818999999972,2026-09-28T20:00:00Z,18.386000398313598,38.58333,-9.19444466,"c(-9.19581899999997, 38.571829)",Fonte da Telha Centro (Almada),16.341279233528276,18.73063240188931,15.14660264934776,19.925308986069826
Almada,38.57908100000003,-9.200044999999932,2026-09-28T20:00:00Z,18.386000398313598,38.58333,-9.19444466,"c(-9.20004499999993, 38.579081)",Fonte da Telha Norte (Almada),16.341279233528276,18.73063240188931,15.14660264934776,19.925308986069826
Almada,38.562977000000046,-9.1921069999999645,2026-09-28T20:00:00Z,23.7613182067871,36.83334,-28.41666,"c(-9.19210699999996, 38.562977)",Fonte da Telha Sul (Almada),16.341279233528276,18.73063240188931,15.14660264934776,19.925308986069826
Santiago do Cacém,38.05529100000007,-8.820565999999928,2026-09-28T20:00:00Z,21.0850005265092,38.05556,-8.83333302,"c(-8.82056599999993, 38.0552910000001)",Fonte do Cortiço (Santiago do Cacém),15.924553506856036,18.969889729327654,14.401885395620228,20.492557840563464
Funchal,32.64167000000003,-16.95527999999996,2026-09-28T20:00:00Z,23.6950006504776,39.13889,-9.38888931,"c(-16.95528, 32.64167)",Formosa (Funchal),22.57520631977621,23.976478849407076,21.87457005496078,24.677115114222506
Torres Vedras,39.13177500000006,-9.385693999999944,2026-09-28T20:00:00Z,17.2500003443565,39.13889,-9.38888931,"c(-9.38569399999994, 39.1317750000001)",Formosa (Torres Vedras),15.26779638284837,18.58839680402109,13.60749617226201,20.24869701460745
Vila do Porto,36.95101000000005,-25.097999999999956,2026-09-28T20:00:00Z,23.1591205596924,39.13889,-9.38888931,"c(-25.098, 36.9510100000001)",Formosa (Vila do Porto),22.19950800015082,23.717289819795667,21.4406170903284,24.47618072961809
Vila do Conde,41.34237600000006,-8.753187999999966,2026-09-28T20:00:00Z,15.1980002468918,41.33333,-8.75,"c(-8.75318799999997, 41.3423760000001)",Forno (Vila do Conde),15.550260401773892,18.831168442226833,13.909806381547423,20.4716224624533
Ponta Delgada,37.744560000000035,-25.640039999999942,2026-09-28T20:00:00Z,24.0354175567627,36.83334,-25.66666,"c(-25.6400399999999, 37.74456)",Forno da Cal (Ponta Delgada),21.918286318791004,23.3945589187621,21.180150018805456,24.13269521874765
Loulé,37.06203000000005,-8.090159999999969,2026-09-28T20:00:00Z,23.4100006369408,37.05556,-8.08333302,"c(-8.09015999999997, 37.06203)",Forte Novo (Loulé),17.065481136052426,20.08222657497167,15.557108416592806,21.590599294431293
Albufeira,37.08334300000007,-8.235785999999962,2026-09-28T20:00:00Z,23.3670006348984,37.08333,-8.22222233,"c(-8.23578599999996, 37.0833430000001)",Forte de São João (Albufeira),16.998974780422532,19.940684070145064,15.528120135561263,21.411538715006333
Caminha,41.800560000000075,-8.87110999999993,2026-09-28T20:00:00Z,15.7150002714479,41.80556,-8.86111069,"c(-8.87110999999993, 41.8005600000001)",Forte do Cão - Gelfa (Caminha),14.895867065978926,18.124716885798932,13.281442156068922,19.739141795708935
Caldas da Rainha,39.42855000000003,-9.223499999999945,2026-09-28T20:00:00Z,17.7470003679628,39.44444,-9.22222233,"c(-9.22349999999994, 39.42855)",Foz do Arelho-Lagoa (Caldas da Rainha),16.350667695338178,19.260884770308667,14.89555915785293,20.715993307793916
Torres Vedras,38.942401000000075,-9.416455999999926,2026-09-28T20:00:00Z,16.7320003197528,38.94444,-9.41666698,"c(-9.41645599999993, 38.9424010000001)",Foz do Lizandro - Ericeira (Torres Vedras),15.939167181335616,18.7395576537974,14.538971945104723,20.139752890028294
Caminha,41.866940000000056,-8.864169999999945,2026-09-28T20:00:00Z,15.5280002625659,41.86111,-8.86111069,"c(-8.86416999999994, 41.8669400000001)",Foz do Minho (Caminha),14.895867065978926,18.124716885798932,13.281442156068922,19.739141795708935
Torres Vedras,39.10370000000006,-9.401249999999948,2026-09-28T20:00:00Z,17.1400003391318,39.11111,-9.38888931,"c(-9.40124999999995, 39.1037000000001)",Foz do Sizandro-Mar (Torres Vedras),15.361493744260493,18.559219560616043,13.762630836082717,20.15808246879382
Póvoa de Varzim,41.397500000000036,-8.779439999999965,2026-09-28T20:00:00Z,15.1880002464168,41.38889,-8.77777767,"c(-8.77943999999997, 41.3975)",Fragosa (Póvoa de Varzim),15.168906657362037,18.499729049334555,13.503495461375778,20.165140245320814
Póvoa de Varzim,41.39412100000004,-8.77754299999998,2026-09-28T20:00:00Z,15.1880002464168,41.38889,-8.77777767,"c(-8.77754299999998, 41.394121)",Fragosinho (Póvoa de Varzim),15.168906657362037,18.499729049334555,13.503495461375778,20.165140245320814
Vila Nova de Gaia,41.08000000000004,-8.657219999999938,2026-09-28T20:00:00Z,15.5620002641808,41.08333,-8.66666698,"c(-8.65721999999994, 41.08)",Francelos (Vila Nova de Gaia),15.56838540540635,18.655368143748884,14.024894036235084,20.19885951292015
Vila Nova de Gaia,41.07556000000005,-8.65749999999997,2026-09-28T20:00:00Z,15.5620002641808,41.08333,-8.66666698,"c(-8.65749999999997, 41.0755600000001)",Francemar (Vila Nova de Gaia),15.56838540540635,18.655368143748884,14.024894036235084,20.19885951292015
Espinho,41.012609000000054,-8.645412999999962,2026-09-28T20:00:00Z,15.5860002653208,41,-8.63888931,"c(-8.64541299999996, 41.0126090000001)",Frente Azul Centro - Azul Norte e Azul Sul (Espinho),15.847386667534302,18.933208862092485,14.30447557025521,20.476119959371577
Espinho,41.014203000000066,-8.644969999999944,2026-09-28T20:00:00Z,15.5860002653208,41.02778,-8.63888931,"c(-8.64496999999994, 41.0142030000001)","Frente Azul Norte - Marbelo, Pop Norte e Pop Sul (Espinho)",15.847386667534302,18.933208862092485,14.30447557025521,20.476119959371577
Espinho,41.01074700000004,-8.64577799999995,2026-09-28T20:00:00Z,15.5860002653208,41,-8.63888931,"c(-8.64577799999995, 41.010747)",Frente Azul Sul - Seca e Costa Verde (Espinho),15.847386667534302,18.933208862092485,14.30447557025521,20.476119959371577
Matosinhos,41.25944000000004,-8.724999999999966,2026-09-28T20:00:00Z,15.2240002481267,41.25,-8.72222233,"c(-8.72499999999997, 41.25944)",Funtão (Matosinhos),15.692973819883324,18.923590092756978,14.077665683446495,20.538898229193805
Ovar,40.87370600000003,-8.677552999999932,2026-09-28T20:00:00Z,15.5730002647033,40.88889,-8.66666698,"c(-8.67755299999993, 40.873706)",Furadouro (Ovar),16.471489779328092,19.03373796862493,15.190365684679676,20.314862063273345
São Roque do Pico,38.53558000000004,-28.335609999999974,2026-09-28T20:00:00Z,23.6406021118164,36.83334,-28.33333,"c(-28.33561, 38.53558)",Furna de Santo António (São Roque do Pico),21.033150114458152,22.43825868511906,20.330595829127702,23.14081297044951
Vila do Bispo,37.055000000000064,-8.854439999999954,2026-09-28T20:00:00Z,22.964000615757,37.05556,-8.83333302,"c(-8.85443999999995, 37.0550000000001)",Furnas (Vila do Bispo),16.753432344202132,19.352525317341495,15.453885857632452,20.652071803911177
Odemira,37.716319000000055,-8.784174999999948,2026-09-28T20:00:00Z,21.6100005514454,37.72222,-8.77777767,"c(-8.78417499999995, 37.7163190000001)",Furnas Mar (Odemira),15.934154980325836,19.25479401697256,14.273835462002472,20.915113535295923
Olhão,37.042260000000056,-7.744339999999966,2026-09-28T20:00:00Z,23.5200006421655,37.02778,-7.75,"c(-7.74433999999997, 37.0422600000001)",Fuseta - Mar (Olhão),17.011912722573296,20.463231785612404,15.28625319105374,22.188891317131958
Matosinhos,41.19604000000004,-8.710049999999967,2026-09-28T20:00:00Z,15.082000241382,41.19444,-8.72222233,"c(-8.71004999999997, 41.19604)",Fuzelhas (Matosinhos),15.746319411035858,18.7792559915356,14.229851120785986,20.295724281785468
Vila Real de Santo António,37.14918400000005,-7.551728999999966,2026-09-28T20:00:00Z,23.7460006529,37.13889,-7.55555534,"c(-7.55172899999997, 37.149184)",Fábrica - Mar (Vila Real de Santo António),18.26727138132299,21.99246233958338,16.404675902192796,23.855057818713572
Torres Vedras,39.13930800000003,-9.380843999999968,2026-09-28T20:00:00Z,17.2500003443565,39.13889,-9.38888931,"c(-9.38084399999997, 39.139308)",Física-Santa Cruz (Torres Vedras),15.26779638284837,18.58839680402109,13.60749617226201,20.24869701460745
Setúbal,38.48377000000005,-8.968846999999926,2026-09-28T20:00:00Z,19.0210004284745,38.47222,-8.97222233,"c(-8.96884699999993, 38.48377)",Galapinhos (Setúbal),15.873495742003811,18.677378512343985,14.471554356833726,20.07931989751407
Setúbal,38.484623000000056,-8.964640999999972,2026-09-28T20:00:00Z,19.0210004284745,38.47222,-8.97222233,"c(-8.96464099999997, 38.4846230000001)",Galapos (Setúbal),15.873495742003811,18.677378512343985,14.471554356833726,20.07931989751407
Santa Cruz,32.64083000000005,-16.832779999999957,2026-09-28T20:00:00Z,23.5380006430205,32.63889,-16.83333,"c(-16.83278, 32.6408300000001)",Galo Mar (Santa Cruz),22.717609318731732,24.026354595216496,22.06323668048935,24.680727233458878
Grândola,38.204233000000045,-8.776486999999975,2026-09-28T20:00:00Z,20.9790005214745,38.19444,-8.77777767,"c(-8.77648699999997, 38.204233)",Galé - Fontaínhas (Grândola),16.008829407778265,18.95167417637071,14.537407023482041,20.42309656066693
Albufeira,37.08014000000003,-8.315989999999942,2026-09-28T20:00:00Z,23.1460006244015,37.08333,-8.33333302,"c(-8.31598999999994, 37.08014)",Galé - Leste (Albufeira),17.02940208429765,19.820911934440083,15.633647159226438,21.216666859511296
Albufeira,37.08335000000005,-8.320859999999925,2026-09-28T20:00:00Z,23.1460006244015,37.08333,-8.33333302,"c(-8.32085999999993, 37.0833500000001)",Galé - Oeste (Albufeira),17.02940208429765,19.820911934440083,15.633647159226438,21.216666859511296
Peniche,39.36465000000004,-9.372466999999972,2026-09-28T20:00:00Z,16.6420003154781,39.36111,-9.36111069,"c(-9.37246699999997, 39.36465)",Gambôa (Peniche),15.679035074078293,18.924632286225325,14.056236468004776,20.54743089229884
Santa Cruz,32.63826000000006,-16.852799999999945,2026-09-28T20:00:00Z,23.6600006488152,32.63889,-16.86111,"c(-16.8527999999999, 32.6382600000001)",Garajau (Santa Cruz),22.717609318731732,24.026354595216496,22.06323668048935,24.680727233458878
Loulé,37.03992000000005,-8.051489999999944,2026-09-28T20:00:00Z,23.2870006310986,37.02778,-8.05555534,"c(-8.05148999999994, 37.0399200000001)",Garrão - Nascente (Loulé),17.065481136052426,20.08222657497167,15.557108416592806,21.590599294431293
Loulé,37.04328000000004,-8.057129999999972,2026-09-28T20:00:00Z,23.2870006310986,37.05556,-8.05555534,"c(-8.05712999999997, 37.04328)",Garrão - Poente (Loulé),17.065481136052426,20.08222657497167,15.557108416592806,21.590599294431293
Porto,41.156123000000036,-8.681735999999944,2026-09-28T20:00:00Z,14.7400002251379,41.16667,-8.69444466,"c(-8.68173599999994, 41.156123)",Gondarém (Porto),15.413265819753125,18.54841300431055,13.845692227474412,20.115986596589263
Funchal,32.63640000000004,-16.934699999999964,2026-09-28T20:00:00Z,23.6950006504776,32.63889,-16.94444,"c(-16.9347, 32.6364)",Gorgulho (Funchal),22.830776397688588,24.11927660650811,22.18652629327883,24.763526710917866
Sintra,38.81458800000007,-9.47724299999993,2026-09-28T20:00:00Z,17.846000372665,38.83333,-9.47222233,"c(-9.47724299999993, 38.8145880000001)",Grande Norte (Sintra),15.583229401005843,18.634851734086855,14.057418234465336,20.160662900627358
Sintra,38.811582000000044,-9.479649999999936,2026-09-28T20:00:00Z,18.0580003827345,38.80556,-9.5,"c(-9.47964999999994, 38.811582)",Grande Sul (Sintra),15.583229401005843,18.634851734086855,14.057418234465336,20.160662900627358
Sines,37.855819000000054,-8.793439999999975,2026-09-28T20:00:00Z,21.7080005561002,37.86111,-8.80555534,"c(-8.79343999999998, 37.8558190000001)",Grande de Porto Covo (Sines),15.827612801782228,19.12713503496693,14.177851685189877,20.776896151559278
Vila Nova de Gaia,41.04000000000008,-8.650279999999952,2026-09-28T20:00:00Z,15.5860002653208,41.02778,-8.63888931,"c(-8.65027999999995, 41.0400000000001)",Granja (Vila Nova de Gaia),15.847386667534302,18.933208862092485,14.30447557025521,20.476119959371577
Cascais,38.73067400000008,-9.474901999999929,2026-09-28T20:00:00Z,18.4920004033484,38.72222,-9.47222233,"c(-9.47490199999993, 38.7306740000001)",Guincho (Cascais),15.538739079029682,18.660428262061217,13.977894487513913,20.221272853576984
Torres Vedras,39.13431200000008,-9.384397999999976,2026-09-28T20:00:00Z,17.2500003443565,39.13889,-9.38888931,"c(-9.38439799999998, 39.1343120000001)",Guincho-Santa Cruz (Torres Vedras),15.26779638284837,18.58839680402109,13.60749617226201,20.24869701460745
Porto,41.16056000000003,-8.68638999999996,2026-09-28T20:00:00Z,14.7400002251379,41.16667,-8.69444466,"c(-8.68638999999996, 41.16056)",Homem do Leme (Porto),15.413265819753125,18.54841300431055,13.845692227474412,20.115986596589263
Póvoa de Varzim,41.39182500000004,-8.775281999999947,2026-09-28T20:00:00Z,15.1880002464168,41.38889,-8.77777767,"c(-8.77528199999995, 41.391825)",Hotel (Póvoa de Varzim),15.168906657362037,18.499729049334555,13.503495461375778,20.165140245320814
Tavira,37.10979000000003,-7.6198499999999285,2026-09-28T20:00:00Z,23.748000652995,37.11111,-7.61111116,"c(-7.61984999999993, 37.10979)",Ilha de Tavira - Mar (Tavira),17.215521667459456,21.11215449041473,15.267205255981821,23.060470901892366
Faro,36.976000000000056,-7.861399999999946,2026-09-28T20:00:00Z,23.2980006316211,36.97222,-7.86111116,"c(-7.86139999999995, 36.9760000000001)",Ilha do Farol - Mar Nascente (Faro),17.828868315776226,20.538899798025213,16.473852574651733,21.893915539149706
Faro,36.974500000000035,-7.863599999999963,2026-09-28T20:00:00Z,23.1591205596924,36.83334,-25.08333,"c(-7.86359999999996, 36.9745)",Ilha do Farol - Mar Poente (Faro),17.828868315776226,20.538899798025213,16.473852574651733,21.893915539149706
Sines,37.829026000000056,-8.790937999999926,2026-09-28T20:00:00Z,21.7550005583325,37.83333,-8.80555534,"c(-8.79093799999993, 37.8290260000001)",Ilha do Pessegueiro (Sines),15.827612801782228,19.12713503496693,14.177851685189877,20.776896151559278
Vila Franca do Campo,37.705760000000055,-25.443389999999965,2026-09-28T20:00:00Z,23.7271461486816,36.83334,-25.41666,"c(-25.44339, 37.7057600000001)",Ilhéu de Vila Franca do Campo (Vila Franca do Campo),21.83457195126189,23.347793579041653,21.077961137372004,24.10440439293154
Albufeira,37.085480000000075,-8.243029999999976,2026-09-28T20:00:00Z,23.3200006326661,37.08333,-8.25,"c(-8.24302999999998, 37.0854800000001)",Inatel - Albufeira (Albufeira),16.998974780422532,19.940684070145064,15.528120135561263,21.411538715006333
Almada,38.59969300000006,-9.21042499999993,2026-09-28T20:00:00Z,18.3700003975537,38.61111,-9.22222233,"c(-9.21042499999993, 38.5996930000001)",Infante (Almada),16.341279233528276,18.73063240188931,15.14660264934776,19.925308986069826
Porto,41.15180900000007,-8.678338999999937,2026-09-28T20:00:00Z,14.6540002210531,41.13889,-8.66666698,"c(-8.67833899999994, 41.1518090000001)",Ingleses (Porto),15.413265819753125,18.54841300431055,13.845692227474412,20.115986596589263
Vila do Bispo,37.04616000000004,-8.879029999999943,2026-09-28T20:00:00Z,22.9080006130971,37.02778,-8.88888931,"c(-8.87902999999994, 37.04616)",Ingrina (Vila do Bispo),16.77504424182386,19.64087895168372,15.34212688689393,21.07379630661365
Vagos,40.55187100000006,-8.774583999999948,2026-09-28T20:00:00Z,15.9730002837023,40.55556,-8.77777767,"c(-8.77458399999995, 40.5518710000001)",Labrego (Vagos),15.895722544496433,18.791987923247287,14.447589855121006,20.240120612622714
Vila do Conde,41.27444000000003,-8.728609999999946,2026-09-28T20:00:00Z,15.0350002391497,41.27778,-8.72222233,"c(-8.72860999999995, 41.27444)",Labruge (Vila do Conde),15.692973819883324,18.923590092756978,14.077665683446495,20.538898229193805
Póvoa de Varzim,41.38913700000006,-8.775189999999952,2026-09-28T20:00:00Z,15.1880002464168,41.38889,-8.77777767,"c(-8.77518999999995, 41.3891370000001)",Lada I (Póvoa de Varzim),15.168906657362037,18.499729049334555,13.503495461375778,20.165140245320814
Póvoa de Varzim,41.38832300000007,-8.774940999999956,2026-09-28T20:00:00Z,15.1880002464168,41.38889,-8.77777767,"c(-8.77494099999996, 41.3883230000001)",Lada II (Póvoa de Varzim),15.168906657362037,18.499729049334555,13.503495461375778,20.165140245320814
Vila do Conde,41.34436900000003,-8.754618999999934,2026-09-28T20:00:00Z,15.1980002468918,41.33333,-8.75,"c(-8.75461899999993, 41.344369)",Ladeira (Vila do Conde),15.550260401773892,18.831168442226833,13.909806381547423,20.4716224624533
Vila do Conde,41.30077200000005,-8.737551999999937,2026-09-28T20:00:00Z,15.1980002468918,41.30556,-8.75,"c(-8.73755199999994, 41.3007720000001)",Laderça (Vila do Conde),15.550260401773892,18.831168442226833,13.909806381547423,20.4716224624533
Póvoa de Varzim,41.39319900000004,-8.776722999999947,2026-09-28T20:00:00Z,15.1880002464168,41.38889,-8.77777767,"c(-8.77672299999995, 41.393199)",Lagoa (Póvoa de Varzim),15.168906657362037,18.499729049334555,13.503495461375778,20.165140245320814
Póvoa de Varzim,41.39065700000003,-8.774727999999925,2026-09-28T20:00:00Z,15.1880002464168,41.38889,-8.77777767,"c(-8.77472799999993, 41.390657)",Lagoa II (Póvoa de Varzim),15.168906657362037,18.499729049334555,13.503495461375778,20.165140245320814
Sesimbra,38.50896700000004,-9.176695999999936,2026-09-28T20:00:00Z,18.4680004022084,38.5,-9.19444466,"c(-9.17669599999994, 38.508967)",Lagoa de Albufeira (Sesimbra),16.189320084981183,18.79375821288371,14.887101021029919,20.095977276834972
Sesimbra,38.50647300000003,-9.183370999999966,2026-09-28T20:00:00Z,18.4680004022084,38.5,-9.19444466,"c(-9.18337099999997, 38.506473)",Lagoa de Albufeira-Mar (Sesimbra),16.189320084981183,18.79375821288371,14.887101021029919,20.095977276834972
Porto Moniz,32.826670000000036,-17.114169999999945,2026-09-28T20:00:00Z,23.7880006548949,32.83333,-17.11111,"c(-17.1141699999999, 32.82667)",Laje (Porto Moniz),22.57428132836668,23.935329126174487,21.893757429462774,24.615853025078394
Lajes do Pico,38.39094000000006,-28.251819999999952,2026-09-28T20:00:00Z,23.5547122955322,36.83334,-28.25,"c(-28.25182, 38.3909400000001)",Lajes - Maré (Lajes do Pico),21.635060685924323,23.17156095606068,20.86681055085614,23.939811091128863
Vila Nova de Gaia,41.128592000000026,-8.668165999999928,2026-09-28T20:00:00Z,14.6540002210531,41.13889,-8.66666698,"c(-8.66816599999993, 41.128592)",Lavadores (Vila Nova de Gaia),15.413265819753125,18.54841300431055,13.845692227474412,20.115986596589263
Figueira da Foz,40.05761000000007,-8.890876999999932,2026-09-28T20:00:00Z,16.4500003063586,40.05556,-8.88888931,"c(-8.89087699999993, 40.0576100000001)",Leirosa (Figueira da Foz),15.918981561709348,18.88920304968762,14.433870817720212,20.374313793676755
Matosinhos,41.19083000000006,-8.706939999999975,2026-09-28T20:00:00Z,15.082000241382,41.19444,-8.72222233,"c(-8.70693999999997, 41.1908300000001)",Leça da Palmeira (Matosinhos),15.413265819753125,18.54841300431055,13.845692227474412,20.115986596589263
Funchal,32.635560000000055,-16.93193999999994,2026-09-28T20:00:00Z,23.6950006504776,32.63889,-16.94444,"c(-16.9319399999999, 32.6355600000001)",Lido-Complexo Balnear (Funchal),22.830776397688588,24.11927660650811,22.18652629327883,24.763526710917866
Vila Real de Santo António,37.16528000000005,-7.5133299999999394,2026-09-28T20:00:00Z,23.7770006543724,37.16667,-7.5,"c(-7.51332999999994, 37.1652800000001)",Lota (Vila Real de Santo António),18.26727138132299,21.99246233958338,16.404675902192796,23.855057818713572
Póvoa de Varzim,41.37869100000006,-8.769071999999937,2026-09-28T20:00:00Z,15.1880002464168,41.38889,-8.77777767,"c(-8.76907199999994, 41.3786910000001)",Loulé (Póvoa de Varzim),15.550260401773892,18.831168442226833,13.909806381547423,20.4716224624533
Loulé,37.055540000000065,-8.078159999999968,2026-09-28T20:00:00Z,23.4100006369408,37.05556,-8.08333302,"c(-8.07815999999997, 37.0555400000001)",Loulé Velho (Loulé),17.065481136052426,20.08222657497167,15.557108416592806,21.590599294431293
Ponta do Sol,32.679310000000044,-17.086829999999964,2026-09-28T20:00:00Z,23.8480006577447,32.66667,-17.08333,"c(-17.08683, 32.67931)",Lugar de Baixo (Ponta do Sol),22.687212737583177,24.01480864563725,22.023414783556145,24.67860659966428
Lagos,37.08635000000004,-8.72637999999995,2026-09-28T20:00:00Z,23.0400006193668,37.08333,-8.72222233,"c(-8.72637999999995, 37.08635)",Luz (Lagos),16.753432344202132,19.352525317341495,15.453885857632452,20.652071803911177
Porto,41.152896000000055,-8.679452999999967,2026-09-28T20:00:00Z,14.6540002210531,41.13889,-8.66666698,"c(-8.67945299999997, 41.1528960000001)",Luz (Porto),15.413265819753125,18.54841300431055,13.845692227474412,20.115986596589263
Vila do Conde,41.36076600000007,-8.758550999999954,2026-09-28T20:00:00Z,15.1880002464168,41.36111,-8.75,"c(-8.75855099999995, 41.3607660000001)",Luzimar (Vila do Conde),15.550260401773892,18.831168442226833,13.909806381547423,20.4716224624533
Alcobaça,39.653567000000066,-9.06983299999996,2026-09-28T20:00:00Z,17.3820003506262,39.66667,-9.08333302,"c(-9.06983299999996, 39.6535670000001)",Légua (Alcobaça),16.57992209289074,19.245222336924172,15.247271970874023,20.57787245894089
Madalena,38.53401000000008,-28.53448999999995,2026-09-28T20:00:00Z,23.8756160736084,36.83334,-28.5,"c(-28.5344899999999, 38.5340100000001)",Madalena (Madalena),21.55038843242109,22.827287863125296,20.91193871706899,23.4657375784774
Vila Nova de Gaia,41.10306000000003,-8.662219999999934,2026-09-28T20:00:00Z,15.4370002582436,41.11111,-8.66666698,"c(-8.66221999999993, 41.10306)",Madalena Norte (Vila Nova de Gaia),15.56838540540635,18.655368143748884,14.024894036235084,20.19885951292015
Vila Nova de Gaia,41.09972000000005,-8.660829999999976,2026-09-28T20:00:00Z,15.4370002582436,41.11111,-8.66666698,"c(-8.66082999999998, 41.09972)",Madalena Sul (Vila Nova de Gaia),15.56838540540635,18.655368143748884,14.024894036235084,20.19885951292015
Ponta do Sol,32.70306000000005,-17.13860999999997,2026-09-28T20:00:00Z,23.9050006604521,32.69444,-17.13889,"c(-17.13861, 32.7030600000001)",Madalena do Mar (Ponta do Sol),22.76959648337866,24.01729846709144,22.14574549152227,24.64114945894783
Sintra,38.863608000000056,-9.449566999999945,2026-09-28T20:00:00Z,17.846000372665,38.86111,-9.44444466,"c(-9.44956699999994, 38.8636080000001)",Magoito (Sintra),15.583229401005843,18.634851734086855,14.057418234465336,20.160662900627358
Vila do Porto,36.93911000000003,-25.014059999999972,2026-09-28T20:00:00Z,23.0839996337891,36.83334,-25,"c(-25.01406, 36.93911)",Maia (Vila do Porto),22.58496694696455,23.875137717106696,21.939881561893472,24.520223102177773
Machico,32.76771000000008,-16.82108999999997,2026-09-28T20:00:00Z,24.1290006710915,32.77778,-16.80556,"c(-16.82109, 32.7677100000001)",Maiata (Machico),22.473357733239613,23.930910762275094,21.744581218721873,24.659687276792834
Odemira,37.78386400000005,-8.801332999999943,2026-09-28T20:00:00Z,21.826000561704902,37.77778,-8.80555534,"c(-8.80133299999994, 37.7838640000001)",Malhão Norte (Odemira),15.934154980325836,19.25479401697256,14.273835462002472,20.915113535295923
Odemira,37.78025000000008,-8.801777999999956,2026-09-28T20:00:00Z,21.826000561704902,37.77778,-8.80555534,"c(-8.80177799999996, 37.7802500000001)",Malhão Sul (Odemira),15.934154980325836,19.25479401697256,14.273835462002472,20.915113535295923
Lajes do Pico,38.410836000000074,-28.036596999999972,2026-09-28T20:00:00Z,23.5582733154297,36.83334,-28,"c(-28.036597, 38.4108360000001)",Manhenha (Lajes do Pico),21.516407290181448,22.75387718743987,20.897672341552237,23.37261213606908
Vila Real de Santo António,37.16333000000003,-7.517499999999927,2026-09-28T20:00:00Z,23.7770006543724,37.16667,-7.5,"c(-7.51749999999993, 37.16333)",Manta Rota (Vila Real de Santo António),18.26727138132299,21.99246233958338,16.404675902192796,23.855057818713572
Albufeira,37.076460000000054,-8.309659999999951,2026-09-28T20:00:00Z,23.1460006244015,37.08333,-8.33333302,"c(-8.30965999999995, 37.0764600000001)",Manuel Lourenço (Albufeira),17.02940208429765,19.820911934440083,15.633647159226438,21.216666859511296
Vila Nova de Gaia,41.05833000000007,-8.656939999999963,2026-09-28T20:00:00Z,15.5250002624234,41.05556,-8.66666698,"c(-8.65693999999996, 41.0583300000001)",Mar e Sol (Vila Nova de Gaia),15.56838540540635,18.655368143748884,14.024894036235084,20.19885951292015
Vila do Conde,41.361365000000035,-8.759555999999975,2026-09-28T20:00:00Z,15.1880002464168,41.36111,-8.75,"c(-8.75955599999998, 41.361365)",Mar e Sol (Vila do Conde),15.550260401773892,18.831168442226833,13.909806381547423,20.4716224624533
Vila Nova de Gaia,41.106048000000044,-8.662690999999938,2026-09-28T20:00:00Z,15.4370002582436,41.11111,-8.66666698,"c(-8.66269099999994, 41.106048)",Marbelo (Vila Nova de Gaia),15.56838540540635,18.655368143748884,14.024894036235084,20.19885951292015
Vila do Bispo,37.00503000000003,-8.939859999999953,2026-09-28T20:00:00Z,22.8490006102948,37,-8.94444466,"c(-8.93985999999995, 37.00503)",Mareta (Vila do Bispo),16.77504424182386,19.64087895168372,15.34212688689393,21.07379630661365
Albufeira,37.088970000000074,-8.20082999999994,2026-09-28T20:00:00Z,23.4180006373208,37.08333,-8.19444466,"c(-8.20082999999994, 37.0889700000001)",Maria Luísa (Albufeira),17.065481136052426,20.08222657497167,15.557108416592806,21.590599294431293
Portimão,37.11504000000008,-8.528069999999957,2026-09-28T20:00:00Z,23.1090006226441,37.11111,-8.52777767,"c(-8.52806999999996, 37.1150400000001)",Marina de Portimão (Portimão),17.087604270034063,19.608635028741837,15.827088890680175,20.869150408095724
Lagoa,37.08957000000004,-8.412859999999966,2026-09-28T20:00:00Z,23.1970006268239,37.08333,-8.41666698,"c(-8.41285999999997, 37.08957)",Marinha (Lagoa),17.08446225852157,19.708139113796804,15.772623830883948,21.019977541434425
Matosinhos,41.23500000000007,-8.723609999999951,2026-09-28T20:00:00Z,15.2240002481267,41.22222,-8.72222233,"c(-8.72360999999995, 41.2350000000001)",Marreco (Matosinhos),15.692973819883324,18.923590092756978,14.077665683446495,20.538898229193805
Vila do Bispo,37.019780000000026,-8.924669999999935,2026-09-28T20:00:00Z,22.9080006130971,37,-8.91666698,"c(-8.92466999999994, 37.01978)",Martinhal (Vila do Bispo),16.77504424182386,19.64087895168372,15.34212688689393,21.07379630661365
Almada,38.623110000000054,-9.224472999999932,2026-09-28T20:00:00Z,18.3700003975537,38.61111,-9.22222233,"c(-9.22447299999993, 38.6231100000001)",Mata (Almada),16.341279233528276,18.73063240188931,15.14660264934776,19.925308986069826
Matosinhos,41.176855000000046,-8.692024999999944,2026-09-28T20:00:00Z,14.7400002251379,41.16667,-8.69444466,"c(-8.69202499999994, 41.176855)",Matosinhos Centro (Matosinhos),15.413265819753125,18.54841300431055,13.845692227474412,20.115986596589263
Matosinhos,41.179358000000036,-8.69428899999997,2026-09-28T20:00:00Z,14.7400002251379,41.16667,-8.69444466,"c(-8.69428899999997, 41.179358)",Matosinhos Norte (Matosinhos),15.413265819753125,18.54841300431055,13.845692227474412,20.115986596589263
Matosinhos,41.174506000000065,-8.690101999999968,2026-09-28T20:00:00Z,14.7400002251379,41.16667,-8.69444466,"c(-8.69010199999997, 41.1745060000001)",Matosinhos Sul (Matosinhos),15.413265819753125,18.54841300431055,13.845692227474412,20.115986596589263
Sintra,38.825762000000054,-9.470496999999966,2026-09-28T20:00:00Z,17.846000372665,38.83333,-9.47222233,"c(-9.47049699999997, 38.8257620000001)",Maçãs (Sintra),15.583229401005843,18.634851734086855,14.057418234465336,20.160662900627358
Peniche,39.34535500000004,-9.364404999999977,2026-09-28T20:00:00Z,16.6420003154781,39.33333,-9.36111069,"c(-9.36440499999998, 39.345355)",Medão-Supertubos (Peniche),15.679035074078293,18.924632286225325,14.056236468004776,20.54743089229884
Ílhavo,40.64268400000003,-8.74857099999997,2026-09-28T20:00:00Z,15.6410002679331,40.63889,-8.75,"c(-8.74857099999997, 40.642684)",Meia Laranja (Ílhavo),15.693977376669684,18.733112389040045,14.174409870484503,20.252679895225228
Lagos,37.11417000000006,-8.651617999999928,2026-09-28T20:00:00Z,23.0220006185118,37.11111,-8.63888931,"c(-8.65161799999993, 37.1141700000001)",Meia Praia (Lagos),16.8957269133349,19.40007845837543,15.643551140814637,20.652254230895693
Lagoa,37.10478000000006,-8.665232999999944,2026-09-28T20:00:00Z,23.0220006185118,37.08333,-8.66666698,"c(-8.66523299999994, 37.1047800000001)",Meia Praia Poente (Lagoa),16.8957269133349,19.40007845837543,15.643551140814637,20.652254230895693
Grândola,38.128955000000076,-8.79173099999997,2026-09-28T20:00:00Z,20.8490005152998,38.13889,-8.80555534,"c(-8.79173099999997, 38.1289550000001)",Melides (Grândola),16.008829407778265,18.95167417637071,14.537407023482041,20.42309656066693
Matosinhos,41.230560000000025,-8.721939999999961,2026-09-28T20:00:00Z,15.2240002481267,41.22222,-8.72222233,"c(-8.72193999999996, 41.23056)",Memória (Matosinhos),15.692973819883324,18.923590092756978,14.077665683446495,20.538898229193805
Ponta Delgada,37.75064000000003,-25.625269999999944,2026-09-28T20:00:00Z,24.0354175567627,36.83334,-25.66666,"c(-25.6252699999999, 37.75064)",Milícias (Ponta Delgada),21.8639289692674,23.37828771784993,21.106749594976133,24.135467092141194
Vila do Conde,41.30945100000008,-8.74039799999997,2026-09-28T20:00:00Z,15.1980002468918,41.30556,-8.75,"c(-8.74039799999997, 41.3094510000001)",Mindelo (Vila do Conde),15.550260401773892,18.831168442226833,13.909806381547423,20.4716224624533
Mira,40.45191900000003,-8.805749999999932,2026-09-28T20:00:00Z,16.2130002951017,40.44444,-8.80555534,"c(-8.80574999999993, 40.451919)",Mira Centro - UB7-10 (Mira),15.639898093045867,18.71916580736384,14.100264235886879,20.25879966452283
Mira,40.45566900000006,-8.804093999999964,2026-09-28T20:00:00Z,16.2130002951017,40.44444,-8.80555534,"c(-8.80409399999996, 40.4556690000001)",Mira Norte - UB1-6 (Mira),15.639898093045867,18.71916580736384,14.100264235886879,20.25879966452283
Mira,40.44759200000004,-8.807271999999955,2026-09-28T20:00:00Z,16.2130002951017,40.44444,-8.80555534,"c(-8.80727199999995, 40.447592)",Mira Sul (Mira),15.639898093045867,18.71916580736384,14.100264235886879,20.25879966452283
Vila Nova de Gaia,41.067656000000056,-8.657680999999968,2026-09-28T20:00:00Z,15.5250002624234,41.05556,-8.66666698,"c(-8.65768099999997, 41.0676560000001)",Miramar Norte (Vila Nova de Gaia),15.56838540540635,18.655368143748884,14.024894036235084,20.19885951292015
Vila Nova de Gaia,41.06618600000007,-8.657292999999981,2026-09-28T20:00:00Z,15.5250002624234,41.05556,-8.66666698,"c(-8.65729299999998, 41.0661860000001)",Miramar Sul (Vila Nova de Gaia),15.56838540540635,18.655368143748884,14.024894036235084,20.19885951292015
Torres Vedras,39.14290200000005,-9.377308999999968,2026-09-28T20:00:00Z,17.2500003443565,39.13889,-9.38888931,"c(-9.37730899999997, 39.142902)",Mirante-Santa Cruz (Torres Vedras),15.26779638284837,18.58839680402109,13.60749617226201,20.24869701460745
Sesimbra,38.48969200000005,-9.184582999999975,2026-09-28T20:00:00Z,18.4680004022084,38.5,-9.19444466,"c(-9.18458299999998, 38.489692)",Moinho de Baixo-Meco (Sesimbra),16.189320084981183,18.79375821288371,14.887101021029919,20.095977276834972
Cascais,38.70166100000006,-9.410003999999958,2026-09-28T20:00:00Z,18.5460004059132,38.69444,-9.41666698,"c(-9.41000399999996, 38.7016610000001)",Moitas - Estoril (Cascais),15.598085488864733,18.675185304021753,14.059535581286223,20.213735211600262
Caminha,41.84997800000008,-8.866318999999976,2026-09-28T20:00:00Z,15.5280002625659,41.86111,-8.86111069,"c(-8.86631899999998, 41.8499780000001)",Moledo - Mergulho e Vapor (Caminha),14.895867065978926,18.124716885798932,13.281442156068922,19.739141795708935
Caminha,41.852895000000046,-8.866190999999958,2026-09-28T20:00:00Z,15.5280002625659,41.86111,-8.86111069,"c(-8.86619099999996, 41.852895)",Moledo Norte (Caminha),14.895867065978926,18.124716885798932,13.281442156068922,19.739141795708935
Caminha,41.84759200000008,-8.866479999999967,2026-09-28T20:00:00Z,15.5280002625659,41.86111,-8.86111069,"c(-8.86647999999997, 41.8475920000001)",Moledo Sul (Caminha),14.895867065978926,18.124716885798932,13.281442156068922,19.739141795708935
Porto,41.15796000000006,-8.683887999999968,2026-09-28T20:00:00Z,14.7400002251379,41.16667,-8.69444466,"c(-8.68388799999997, 41.1579600000001)",Molhe (Porto),15.413265819753125,18.54841300431055,13.845692227474412,20.115986596589263
Peniche,39.35000800000006,-9.368003999999928,2026-09-28T20:00:00Z,16.6420003154781,39.36111,-9.36111069,"c(-9.36800399999993, 39.3500080000001)",Molhe Leste (Peniche),15.679035074078293,18.924632286225325,14.056236468004776,20.54743089229884
Figueira da Foz,40.14929300000006,-8.873440999999957,2026-09-28T20:00:00Z,16.288000298664,40.13889,-8.86111069,"c(-8.87344099999996, 40.1492930000001)",Molhe Norte (Figueira da Foz),15.963366849422902,18.89812810933376,14.495986219467472,20.365508739289194
Aljezur,37.34241000000003,-8.853819999999928,2026-09-28T20:00:00Z,21.78400055971,37.33333,-8.86111069,"c(-8.85381999999993, 37.34241)",Monte Clérigo (Aljezur),16.483088414227055,19.663047410144472,14.893108916268343,21.253026908103184
Vila Real de Santo António,37.17695200000003,-7.451285999999925,2026-09-28T20:00:00Z,23.7910006550374,37.16667,-7.44444466,"c(-7.45128599999993, 37.176952)",Monte Gordo (Vila Real de Santo António),18.187407245727677,21.943363825375123,16.309428955903954,23.821342115198846
Vila Real de Santo António,37.17688100000004,-7.447442999999964,2026-09-28T20:00:00Z,23.7910006550374,37.16667,-7.44444466,"c(-7.44744299999996, 37.176881)",Monte Gordo Nascente (Vila Real de Santo António),18.187407245727677,21.943363825375123,16.309428955903954,23.821342115198846
Vila Real de Santo António,37.176923000000045,-7.454963999999961,2026-09-28T20:00:00Z,23.7910006550374,37.16667,-7.44444466,"c(-7.45496399999996, 37.176923)",Monte Gordo Poente (Vila Real de Santo António),18.187407245727677,21.943363825375123,16.309428955903954,23.821342115198846
Almada,38.60299700000007,-9.212007999999969,2026-09-28T20:00:00Z,18.3700003975537,38.61111,-9.22222233,"c(-9.21200799999997, 38.6029970000001)",Morena (Almada),16.341279233528276,18.73063240188931,15.14660264934776,19.925308986069826
Sines,37.90743100000003,-8.798502999999926,2026-09-28T20:00:00Z,21.5220005472656,37.91667,-8.80555534,"c(-8.79850299999993, 37.907431)",Morgavel (Sines),15.786357443666729,19.01996509867628,14.169553616161952,20.63676892618106
Povoação,37.74590500000005,-25.24269099999998,2026-09-28T20:00:00Z,23.4909000396729,36.83334,-25.25,"c(-25.242691, 37.7459050000001)",Morro (Povoação),22.26024226834704,23.51992208233683,21.630402361352143,24.149761989331726
Figueira da Foz,40.209857000000056,-8.897628999999938,2026-09-28T20:00:00Z,16.4140003046487,40.22222,-8.88888931,"c(-8.89762899999994, 40.2098570000001)",Murtinheira (Figueira da Foz),15.591044540349275,18.737372806880664,14.017880407083581,20.310536940146356
Vila do Conde,41.34088000000003,-8.750742999999943,2026-09-28T20:00:00Z,15.1980002468918,41.33333,-8.75,"c(-8.75074299999994, 41.34088)",N. Sª da Guia (Vila do Conde),15.550260401773892,18.831168442226833,13.909806381547423,20.4716224624533
Torres Vedras,39.14586500000007,-9.375396999999964,2026-09-28T20:00:00Z,17.2500003443565,39.13889,-9.38888931,"c(-9.37539699999996, 39.1458650000001)",Navio (Torres Vedras),15.26779638284837,18.58839680402109,13.60749617226201,20.24869701460745
Alcobaça,39.60077400000006,-9.074316999999951,2026-09-28T20:00:00Z,17.4370003532385,39.61111,-9.08333302,"c(-9.07431699999995, 39.6007740000001)",Nazaré Norte (Alcobaça),16.38878078832391,19.190444089580563,14.987949137695582,20.591275740208893
Alcobaça,39.594873000000064,-9.073721999999975,2026-09-28T20:00:00Z,17.4370003532385,39.58333,-9.08333302,"c(-9.07372199999998, 39.5948730000001)",Nazaré Sul (Alcobaça),16.38878078832391,19.190444089580563,14.987949137695582,20.591275740208893
Angra do Heroísmo,38.65583000000004,-27.281799999999976,2026-09-28T20:00:00Z,23.7303695678711,36.83334,-27.25,"c(-27.2818, 38.65583)",Negrito (Angra do Heroísmo),21.43365440017369,23.053464606617585,20.623749296951747,23.863369709839528
Viana do Castelo,41.69611000000003,-8.850279999999941,2026-09-28T20:00:00Z,15.4830002604285,41.69444,-8.86111069,"c(-8.85027999999994, 41.69611)",Norte (Viana do Castelo),15.113594702495584,18.284822600561725,13.527980753462515,19.870436549594793
Almada,38.63352100000003,-9.232062999999926,2026-09-28T20:00:00Z,18.3700003975537,38.63889,-9.22222233,"c(-9.23206299999993, 38.633521)",Nova Praia (Almada),16.600861800715236,18.837205024507576,15.482690188819069,19.955376636403745
Almada,38.59773300000006,-9.209364999999934,2026-09-28T20:00:00Z,18.3700003975537,38.61111,-9.22222233,"c(-9.20936499999993, 38.5977330000001)",Nova Vaga (Almada),16.341279233528276,18.73063240188931,15.14660264934776,19.925308986069826
Aljezur,37.44193000000007,-8.79956999999996,2026-09-28T20:00:00Z,21.5060005465057,37.44444,-8.80555534,"c(-8.79956999999996, 37.4419300000001)",Odeceixe - Mar (Aljezur),16.55136762362649,19.63220785769574,15.010947506591865,21.172627974730364
Esposende,41.517220000000066,-8.787779999999941,2026-09-28T20:00:00Z,15.3370002534939,41.52778,-8.77777767,"c(-8.78777999999994, 41.5172200000001)",Ofir (Esposende),15.092365198012716,18.385873947916384,13.445610823060882,20.03262832286822
Albufeira,37.08956000000006,-8.19032999999996,2026-09-28T20:00:00Z,23.4180006373208,37.08333,-8.19444466,"c(-8.19032999999996, 37.0895600000001)",Olhos de Água (Albufeira),17.065481136052426,20.08222657497167,15.557108416592806,21.590599294431293
Vila do Conde,41.35174200000006,-8.754774999999938,2026-09-28T20:00:00Z,15.1880002464168,41.36111,-8.75,"c(-8.75477499999994, 41.3517420000001)",Olinda (Vila do Conde),15.550260401773892,18.831168442226833,13.909806381547423,20.4716224624533
Pombal,40.003408000000036,-8.914871999999946,2026-09-28T20:00:00Z,16.3750003027963,40,-8.91666698,"c(-8.91487199999995, 40.003408)",Osso da Baleia (Pombal),15.9561820798806,18.91916920137329,14.474688519134254,20.400662762119637
Albufeira,37.08589000000006,-8.22613999999993,2026-09-28T20:00:00Z,23.3670006348984,37.08333,-8.22222233,"c(-8.22613999999993, 37.0858900000001)",Oura (Albufeira),16.998974780422532,19.940684070145064,15.528120135561263,21.411538715006333
Albufeira,37.085120000000074,-8.22264999999993,2026-09-28T20:00:00Z,23.3670006348984,37.08333,-8.22222233,"c(-8.22264999999993, 37.0851200000001)",Oura - Leste (Albufeira),16.998974780422532,19.940684070145064,15.528120135561263,21.411538715006333
Porto,41.14997800000003,-8.677016999999978,2026-09-28T20:00:00Z,14.6540002210531,41.13889,-8.66666698,"c(-8.67701699999998, 41.149978)",Ourigo (Porto),15.413265819753125,18.54841300431055,13.845692227474412,20.115986596589263
Sesimbra,38.443076000000076,-9.106649999999945,2026-09-28T20:00:00Z,19.0950004319893,38.41667,-9.11111069,"c(-9.10664999999995, 38.4430760000001)",Ouro (Sesimbra),16.028802666282054,18.779062979582527,14.653672509631816,20.154193136232767
Póvoa de Varzim,41.431670000000054,-8.78416999999996,2026-09-28T20:00:00Z,15.3500002541114,41.44444,-8.77777767,"c(-8.78416999999996, 41.4316700000001)",Paimó/Aguçadoura (Póvoa de Varzim),15.168906657362037,18.499729049334555,13.503495461375778,20.165140245320814
Cantanhede,40.38802400000003,-8.826351999999929,2026-09-28T20:00:00Z,16.4540003065486,40.38889,-8.83333302,"c(-8.82635199999993, 40.388024)",Palheirão (Cantanhede),15.639898093045867,18.71916580736384,14.100264235886879,20.25879966452283
Santa Cruz,32.688060000000064,-16.789169999999956,2026-09-28T20:00:00Z,22.7740006067324,32.66667,-16.77778,"c(-16.78917, 32.6880600000001)",Palmeiras (Santa Cruz),22.50660960500027,23.815423254424545,21.852202780288135,24.46983007913668
Espinho,40.977220000000045,-8.649719999999945,2026-09-28T20:00:00Z,15.6200002669357,40.97222,-8.66666698,"c(-8.64971999999995, 40.97722)",Paramos (Espinho),15.847386667534302,18.933208862092485,14.30447557025521,20.476119959371577
Cascais,38.685520000000054,-9.353620999999976,2026-09-28T20:00:00Z,18.6110004090006,38.69444,-9.36111069,"c(-9.35362099999998, 38.6855200000001)",Parede (Cascais),16.096393329086506,18.77665910148347,14.756260442888024,20.116791987681953
Alcobaça,39.70300400000008,-9.05018599999994,2026-09-28T20:00:00Z,17.1310003387043,39.69444,-9.05555534,"c(-9.05018599999994, 39.7030040000001)",Paredes de Vitória Norte (Alcobaça),16.300432528134266,19.119766480147916,14.89076555212744,20.52943345615474
Alcobaça,39.70089000000007,-9.050539999999955,2026-09-28T20:00:00Z,17.1310003387043,39.69444,-9.05555534,"c(-9.05053999999996, 39.7008900000001)",Paredes de Vitória Sul (Alcobaça),16.300432528134266,19.119766480147916,14.89076555212744,20.52943345615474
Porto,41.14727000000005,-8.675473999999952,2026-09-28T20:00:00Z,14.6540002210531,41.13889,-8.66666698,"c(-8.67547399999995, 41.14727)",Pastoras (Porto),15.413265819753125,18.54841300431055,13.845692227474412,20.115986596589263
Cascais,38.68998400000004,-9.29708299999993,2026-09-28T20:00:00Z,18.644000410568,38.69444,-9.27777767,"c(-9.29708299999993, 38.689984)",Paço d'Arcos - Oeiras (Cascais),16.096393329086506,18.77665910148347,14.756260442888024,20.116791987681953
Viana do Castelo,41.75972000000007,-8.878059999999948,2026-09-28T20:00:00Z,15.7210002717329,41.75,-8.88888931,"c(-8.87805999999995, 41.7597200000001)",Paçô/Carreço (Viana do Castelo),14.85622680772109,18.211334157782307,13.178673132690479,19.888887832812916
Viana do Castelo,41.62528000000003,-8.817219999999963,2026-09-28T20:00:00Z,15.1780002459418,41.61111,-8.80555534,"c(-8.81721999999996, 41.62528)",Pedra Alta - Castelo de Neiva (Viana do Castelo),15.113594702495584,18.284822600561725,13.527980753462515,19.870436549594793
Alcobaça,39.725967000000026,-9.047166999999945,2026-09-28T20:00:00Z,17.1310003387043,39.72222,-9.05555534,"c(-9.04716699999994, 39.725967)",Pedra do Ouro (Alcobaça),16.300432528134266,19.119766480147916,14.89076555212744,20.52943345615474
Vila Nova de Gaia,41.12641000000008,-8.667429999999968,2026-09-28T20:00:00Z,14.6540002210531,41.13889,-8.66666698,"c(-8.66742999999997, 41.1264100000001)",Pedras Amarelas (Vila Nova de Gaia),15.413265819753125,18.54841300431055,13.845692227474412,20.115986596589263
Matosinhos,41.25333000000006,-8.724719999999934,2026-09-28T20:00:00Z,15.2240002481267,41.25,-8.72222233,"c(-8.72471999999993, 41.2533300000001)",Pedras Brancas (Matosinhos),15.692973819883324,18.923590092756978,14.077665683446495,20.538898229193805
Marinha Grande,39.78020600000008,-9.02305199999995,2026-09-28T20:00:00Z,16.7490003205603,39.77778,-9.02777767,"c(-9.02305199999995, 39.7802060000001)",Pedras Negras (Marinha Grande),16.300432528134266,19.119766480147916,14.89076555212744,20.52943345615474
Matosinhos,41.24349300000006,-8.727561999999978,2026-09-28T20:00:00Z,15.2240002481267,41.25,-8.72222233,"c(-8.72756199999998, 41.2434930000001)",Pedras da Agudela (Matosinhos),15.692973819883324,18.923590092756978,14.077665683446495,20.538898229193805
Matosinhos,41.248890000000074,-8.725829999999974,2026-09-28T20:00:00Z,15.2240002481267,41.25,-8.72222233,"c(-8.72582999999997, 41.2488900000001)",Pedras do Corgo (Matosinhos),15.692973819883324,18.923590092756978,14.077665683446495,20.538898229193805
Leiria,39.92119300000007,-8.952380999999946,2026-09-28T20:00:00Z,16.475000307546,39.91667,-8.94444466,"c(-8.95238099999995, 39.9211930000001)",Pedrógão Centro Centro - UB6-12 (Leiria),16.141422037581908,19.004983854247524,14.709641129249096,20.436764762580335
Leiria,39.925460000000044,-8.950309999999945,2026-09-28T20:00:00Z,16.475000307546,39.91667,-8.94444466,"c(-8.95030999999994, 39.92546)",Pedrógão Centro Norte - UB1-5 (Leiria),16.141422037581908,19.004983854247524,14.709641129249096,20.436764762580335
Leiria,39.91802300000006,-8.955118999999968,2026-09-28T20:00:00Z,16.475000307546,39.91667,-8.94444466,"c(-8.95511899999997, 39.9180230000001)",Pedrógão Sul (Leiria),16.141422037581908,19.004983854247524,14.709641129249096,20.436764762580335
Grândola,38.29257800000005,-8.77750599999996,2026-09-28T20:00:00Z,20.2110004849965,38.30556,-8.77777767,"c(-8.77750599999996, 38.292578)",Pego (Grândola),15.837355090862792,18.719634106304188,14.396215583142094,20.160773614024883
Albufeira,37.08642000000003,-8.25246999999996,2026-09-28T20:00:00Z,23.3200006326661,37.08333,-8.25,"c(-8.25246999999996, 37.08642)",Peneco (Albufeira),16.998974780422532,19.940684070145064,15.528120135561263,21.411538715006333
Peniche,39.36228300000005,-9.368349999999964,2026-09-28T20:00:00Z,16.6420003154781,39.36111,-9.36111069,"c(-9.36834999999996, 39.362283)",Peniche de Cima (Peniche),15.679035074078293,18.924632286225325,14.056236468004776,20.54743089229884
Lourinhã,39.24561500000004,-9.341992999999945,2026-09-28T20:00:00Z,16.8540003255475,39.25,-9.33333302,"c(-9.34199299999995, 39.245615)",Peralta (Lourinhã),15.367685069553461,18.66080984963782,13.721122679511284,20.30737223968
Albufeira,37.086400000000026,-8.24906999999996,2026-09-28T20:00:00Z,23.3200006326661,37.08333,-8.25,"c(-8.24906999999996, 37.0864)",Pescadores (Albufeira),16.998974780422532,19.940684070145064,15.528120135561263,21.411538715006333
Vila do Conde,41.30347000000006,-8.73810599999996,2026-09-28T20:00:00Z,15.1980002468918,41.30556,-8.75,"c(-8.73810599999996, 41.3034700000001)",Pinhal dos Elétricos (Vila do Conde),15.550260401773892,18.831168442226833,13.909806381547423,20.4716224624533
Lagoa,37.10779000000008,-8.518969999999968,2026-09-28T20:00:00Z,23.1090006226441,37.11111,-8.52777767,"c(-8.51896999999997, 37.1077900000001)",Pintadinho (Lagoa),17.087604270034063,19.608635028741837,15.827088890680175,20.869150408095724
Ponta Delgada,37.739630000000034,-25.661139999999932,2026-09-28T20:00:00Z,24.0354175567627,36.83334,-25.66666,"c(-25.6611399999999, 37.73963)",Piscina Natural das Portas do Mar (Ponta Delgada),21.918286318791004,23.3945589187621,21.180150018805456,24.13269521874765
São Roque do Pico,38.52455000000003,-28.316589999999962,2026-09-28T20:00:00Z,23.6406021118164,36.83334,-28.33333,"c(-28.31659, 38.52455)",Piscina do Cais (São Roque do Pico),21.033150114458152,22.43825868511906,20.330595829127702,23.14081297044951
Mafra,39.012560000000065,-27.959099999999978,2026-09-28T20:00:00Z,23.5582733154297,36.83334,-28,"c(-27.9591, 39.0125600000001)",Piscina do Carapacho (Santa Cruz da Graciosa),21.516922835829067,22.625317655794984,20.96272542584611,23.17951506577794
Lagoa,37.74169000000006,-25.57407999999998,2026-09-28T20:00:00Z,23.9693164825439,36.83334,-25.58333,"c(-25.57408, 37.7416900000001)",Piscinas Naturais da Lagoa (Lagoa),22.30973300786029,23.58936891629089,21.669915053644996,24.229186870506187
Torres Vedras,39.14070600000008,-9.379639999999938,2026-09-28T20:00:00Z,17.2500003443565,39.13889,-9.38888931,"c(-9.37963999999994, 39.1407060000001)",Pisão-Santa Cruz (Torres Vedras),15.26779638284837,18.58839680402109,13.60749617226201,20.24869701460745
Madalena,38.495600000000024,-28.53962999999993,2026-09-28T20:00:00Z,23.8756160736084,36.83334,-28.5,"c(-28.5396299999999, 38.4956)",Pocinho (Madalena),21.55038843242109,22.827287863125296,20.91193871706899,23.4657375784774
Alcobaça,39.71628300000003,-9.04989999999998,2026-09-28T20:00:00Z,17.1310003387043,39.72222,-9.05555534,"c(-9.04989999999998, 39.716283)",Polvoeira (Alcobaça),16.300432528134266,19.119766480147916,14.89076555212744,20.52943345615474
São Vicente,32.828070000000025,-16.984669999999937,2026-09-28T20:00:00Z,23.7820006546099,32.83333,-16.97222,"c(-16.9846699999999, 32.82807)",Ponta Delgada (São Vicente),22.433529691034114,23.932235929088588,21.68417657200688,24.68158904811582
Ponta Delgada,37.85838000000007,-25.852259999999944,2026-09-28T20:00:00Z,24.0805892944336,36.83334,-25.83333,"c(-25.8522599999999, 37.8583800000001)",Ponta da Ferraria (Ponta Delgada),21.922223796559084,23.469149925589708,21.148760732043776,24.242612990105016
Ponta do Sol,32.679170000000056,-17.105279999999937,2026-09-28T20:00:00Z,23.8600006583147,32.66667,-17.11111,"c(-17.1052799999999, 32.6791700000001)",Ponta do Sol (Ponta do Sol),22.687212737583177,24.01480864563725,22.023414783556145,24.67860659966428
Lajes do Pico,38.40733000000006,-28.159549999999967,2026-09-28T20:00:00Z,23.5145168304443,41.38889,-8.77777767,"c(-28.15955, 38.4073300000001)",Pontes (Lajes do Pico),21.56133370464631,23.010801149891797,20.836599982023568,23.73553487251454
Póvoa de Varzim,41.393677000000025,-8.777063999999939,2026-09-28T20:00:00Z,15.1880002464168,41.38889,-8.77777767,"c(-8.77706399999994, 41.393677)",Pontes (Póvoa de Varzim),15.168906657362037,18.499729049334555,13.503495461375778,20.165140245320814
Calheta,32.73479000000003,-17.20871999999997,2026-09-28T20:00:00Z,23.8300006568898,32.72222,-17.22222,"c(-17.20872, 32.73479)",Portinho (Calheta),22.65864768076034,24.029290368457836,21.97332633691159,24.714611712306585
Setúbal,38.48065400000007,-8.977637999999956,2026-09-28T20:00:00Z,19.0210004284745,38.47222,-8.97222233,"c(-8.97763799999996, 38.4806540000001)",Portinho da Arrábida (Setúbal),15.873495742003811,18.677378512343985,14.471554356833726,20.07931989751407
Povoação,37.739280000000065,-25.196489999999983,2026-09-28T20:00:00Z,23.2745094299316,36.83334,-25.16666,"c(-25.19649, 37.7392800000001)",Portinho do Faial Da Terra (Povoação),21.8792240824094,23.398882371818246,21.119394937704982,24.158711516522665
Calheta,38.60674000000006,-28.03461999999996,2026-09-28T20:00:00Z,23.5582733154297,36.83334,-28,"c(-28.03462, 38.6067400000001)",Portinhos-Fajã Grande (Calheta),21.58370260794322,23.029815345405797,20.86064623921193,23.752871714137086
Calheta,32.75230000000005,-17.22479999999996,2026-09-28T20:00:00Z,23.6900006502401,32.75,-17.22222,"c(-17.2248, 32.7523)",Porto (Calheta),22.65864768076034,24.029290368457836,21.97332633691159,24.714611712306585
Torres Vedras,39.21413200000006,-9.344794999999976,2026-09-28T20:00:00Z,16.9390003295848,39.22222,-9.33333302,"c(-9.34479499999998, 39.2141320000001)",Porto Dinheiro (Torres Vedras),15.367685069553461,18.66080984963782,13.721122679511284,20.30737223968
Cascais,38.680360000000064,-27.05541999999997,2026-09-28T20:00:00Z,23.7446937561035,36.83334,-27.08333,"c(-27.05542, 38.6803600000001)",Porto Martins (Velas),21.522226417005882,22.719714762787724,20.923482244114957,23.31845893567865
Porto Moniz,32.86790000000008,-17.169929999999965,2026-09-28T20:00:00Z,23.6410006479127,32.86111,-17.16667,"c(-17.16993, 32.8679000000001)",Porto Moniz (Porto Moniz),22.59348151511121,23.901358823785888,21.939542860773876,24.555297478123222
Torres Vedras,39.177834000000075,-9.356847999999957,2026-09-28T20:00:00Z,17.1450003393693,39.16667,-9.36111069,"c(-9.35684799999996, 39.1778340000001)",Porto Novo (Torres Vedras),15.26779638284837,18.58839680402109,13.60749617226201,20.24869701460745
Horta,38.52455000000003,-28.62587999999994,2026-09-28T20:00:00Z,23.9392700195312,36.83334,-28.66666,"c(-28.6258799999999, 38.52455)",Porto Pim (Horta),21.55038843242109,22.827287863125296,20.91193871706899,23.4657375784774
Porto Santo,33.05308000000008,-16.34033299999993,2026-09-28T20:00:00Z,24.4540006865282,33.05556,-16.33333,"c(-16.3403329999999, 33.0530800000001)",Pedras Pretas (Porto Santo),22.536916022498946,23.680682923919544,21.965032571788647,24.252566374629843
Porto Santo,33.03528000000006,-16.360279999999932,2026-09-28T20:00:00Z,24.532000690233,33.02778,-16.36111,"c(-16.3602799999999, 33.0352800000001)",Cabeço da Ponta (Porto Santo),22.547364743985266,23.69199282415636,21.97505070389972,24.26430686424191
Porto Santo,33.02444000000003,-16.376669999999933,2026-09-28T20:00:00Z,24.9320007092319,33.02778,-16.38889,"c(-16.3766699999999, 33.02444)",Calheta (Porto Santo),22.562546136523906,23.740279825436907,21.97367929206741,24.329146669893404
Porto Santo,33.05528000000004,-16.33693999999997,2026-09-28T20:00:00Z,24.4540006865282,33.05556,-16.33333,"c(-16.33694, 33.05528)",Fontinha (Porto Santo),22.536916022498946,23.680682923919544,21.965032571788647,24.252566374629843
Porto Santo,33.030200000000036,-16.366749999999968,2026-09-28T20:00:00Z,24.532000690233,33.02778,-16.36111,"c(-16.36675, 33.0302)",Lagoa (Porto Santo),22.547364743985266,23.69199282415636,21.97505070389972,24.26430686424191
Porto Santo,33.062220000000025,-16.318329999999946,2026-09-28T20:00:00Z,24.4540006865282,33.05556,-16.30556,"c(-16.3183299999999, 33.06222)",Penedo (Porto Santo),22.536916022498946,23.680682923919544,21.965032571788647,24.252566374629843
Porto Santo,33.093200000000024,-16.34910999999994,2026-09-28T20:00:00Z,24.70900069864,33.08333,-16.36111,"c(-16.3491099999999, 33.0932)",Porto das Salemas (Porto Santo),22.536916022498946,23.680682923919544,21.965032571788647,24.252566374629843
Porto Santo,33.04917000000006,-16.34471999999994,2026-09-28T20:00:00Z,24.4540006865282,33.05556,-16.33333,"c(-16.3447199999999, 33.0491700000001)",Ribeiro Cochino (Porto Santo),22.536916022498946,23.680682923919544,21.965032571788647,24.252566374629843
Porto Santo,33.04500000000007,-16.34916999999996,2026-09-28T20:00:00Z,24.912000708282,33.05556,-16.36111,"c(-16.34917, 33.0450000000001)",Ribeiro Salgado (Porto Santo),22.536916022498946,23.680682923919544,21.965032571788647,24.252566374629843
Peniche,39.353500000000054,-9.388782999999933,2026-09-28T20:00:00Z,16.6420003154781,39.36111,-9.38888931,"c(-9.38878299999993, 39.3535000000001)",Porto da Areia Sul (Peniche),15.679035074078293,18.924632286225325,14.056236468004776,20.54743089229884
Mafra,39.03273500000006,-9.418997999999931,2026-09-28T20:00:00Z,17.472000354901,39.02778,-9.41666698,"c(-9.41899799999993, 39.0327350000001)",Porto da Calada - Ericeira (Mafra),15.939167181335616,18.7395576537974,14.538971945104723,20.139752890028294
Porto de Mós,37.08520000000004,-8.688679999999977,2026-09-28T20:00:00Z,23.0130006180843,37.08333,-8.69444466,"c(-8.68867999999998, 37.0852)",Porto de Mós (Porto de Mós),16.8957269133349,19.40007845837543,15.643551140814637,20.652254230895693
Porto Moniz,32.82216000000005,-17.102799999999945,2026-09-28T20:00:00Z,23.7880006548949,32.83333,-17.11111,"c(-17.1027999999999, 32.8221600000001)",Porto do Seixal (Porto Moniz),22.433529691034114,23.932235929088588,21.68417657200688,24.68158904811582
Cascais,38.701932000000056,-9.392042999999944,2026-09-28T20:00:00Z,18.5610004066257,38.69444,-9.38888931,"c(-9.39204299999994, 38.7019320000001)",Poça - Estoril (Cascais),15.598085488864733,18.675185304021753,14.059535581286223,20.213735211600262
São Roque do Pico,38.47778000000005,-28.20527999999996,2026-09-28T20:00:00Z,23.5145168304443,36.83334,-28.16666,"c(-28.20528, 38.4777800000001)",Poça Branca (São Roque do Pico),21.63488607006132,23.098491149249533,20.90308353046721,23.830293688843643
Lajes do Pico,38.39962000000003,-28.083109999999976,2026-09-28T20:00:00Z,23.5185127258301,36.83334,-28.08333,"c(-28.08311, 38.39962)",Poça das Mujas (Lajes do Pico),21.260714420299948,22.699572576958715,20.541285341970568,23.419001655288096
Velas,38.677940000000035,-28.208189999999945,2026-09-28T20:00:00Z,23.5145168304443,36.83334,-28.16666,"c(-28.2081899999999, 38.67794)",Poça dos Frades (Velas),20.99484058084823,22.709932833458684,20.137294454543,23.567478959763914
Ponta Delgada,37.898430000000076,-25.822619999999972,2026-09-28T20:00:00Z,24.0805892944336,36.83334,-25.83333,"c(-25.82262, 37.8984300000001)",Poças Sul dos Mosteiros (Ponta Delgada),22.265455418014426,23.4301029838132,21.68313163511504,24.012426766712586
Ribeira Grande,37.826873000000035,-25.52242099999995,2026-09-28T20:00:00Z,23.861515045166,36.83334,-25.5,"c(-25.522421, 37.826873)",Poças da Ribeira Grande (Ribeira Grande),21.866438413522616,23.37624913059758,21.11153305498513,24.131154489135064
São Roque do Pico,38.51935000000003,-28.30496999999997,2026-09-28T20:00:00Z,23.6406021118164,36.83334,-28.33333,"c(-28.30497, 38.51935)",Poças de São Roque (São Roque do Pico),21.033150114458152,22.43825868511906,20.330595829127702,23.14081297044951
Funchal,32.63561000000004,-16.94796999999994,2026-09-28T20:00:00Z,23.6950006504776,32.63889,-16.94444,"c(-16.9479699999999, 32.63561)",Poças do Gomes-Doca do Cavacas (Funchal),22.57520631977621,23.976478849407076,21.87457005496078,24.677115114222506
Albufeira,37.08036000000004,-8.149449999999945,2026-09-28T20:00:00Z,23.4590006392682,37.08333,-8.16666698,"c(-8.14944999999994, 37.08036)",Poço Velho (Albufeira),17.065481136052426,20.08222657497167,15.557108416592806,21.590599294431293
Mira,40.49023200000005,-8.79393099999993,2026-09-28T20:00:00Z,16.0510002874071,40.5,-8.80555534,"c(-8.79393099999993, 40.490232)",Poço da Cruz (Mira),15.727347958112027,18.731988935566143,14.225027469384969,20.2343094242932
Ponta Delgada,37.834670000000074,-25.669379999999933,2026-09-28T20:00:00Z,24.0354175567627,36.83334,-25.66666,"c(-25.6693799999999, 37.8346700000001)",Poços de São Vicente Ferreira/Capelas (Ponta Delgada),21.8639289692674,23.37828771784993,21.106749594976133,24.135467092141194
Santa Cruz da Graciosa,39.05111900000003,-27.97093499999994,2026-09-28T20:00:00Z,23.5582733154297,36.83334,-28,"c(-27.9709349999999, 39.051119)",Praia (Santa Cruz da Graciosa),21.57584459287685,22.983263217914203,20.87213528035818,23.686972530432875
Vila do Conde,41.34844000000004,-8.754106999999976,2026-09-28T20:00:00Z,15.1880002464168,41.36111,-8.75,"c(-8.75410699999998, 41.34844)",Praia Azul (Vila do Conde),15.550260401773892,18.831168442226833,13.909806381547423,20.4716224624533
Cascais,38.729580000000055,-27.06012999999996,2026-09-28T20:00:00Z,23.7446937561035,36.83334,-27.08333,"c(-27.06013, 38.7295800000001)",Praia Grande - Terceira (Praia da Vitória),21.508505300573564,22.708030459946034,20.908742720887332,23.307793039632266
Silves,37.092550000000074,-8.338139999999953,2026-09-28T20:00:00Z,23.1460006244015,37.08333,-8.33333302,"c(-8.33813999999995, 37.0925500000001)",Praia Grande - Nascente (Silves),17.02940208429765,19.820911934440083,15.633647159226438,21.216666859511296
Silves,37.096850000000074,-8.34782999999993,2026-09-28T20:00:00Z,23.0730006209342,37.08333,-8.36111069,"c(-8.34782999999993, 37.0968500000001)",Praia Grande - Poente (Silves),17.02940208429765,19.820911934440083,15.633647159226438,21.216666859511296
Almada,38.63737800000007,-9.23529899999994,2026-09-28T20:00:00Z,18.3700003975537,38.63889,-9.22222233,"c(-9.23529899999994, 38.6373780000001)",Praia Nova (Almada),16.600861800715236,18.837205024507576,15.482690188819069,19.955376636403745
Funchal,32.641590000000065,-16.95739999999995,2026-09-28T20:00:00Z,23.6950006504776,38.63889,-9.22222233,"c(-16.9574, 32.6415900000001)",Praia Nova (Funchal),22.57520631977621,23.976478849407076,21.87457005496078,24.677115114222506
Lagoa,37.09593800000005,-8.388444999999933,2026-09-28T20:00:00Z,23.1970006268239,37.08333,-8.38888931,"c(-8.38844499999993, 37.095938)",Praia Nova da Senhora da Rocha (Lagoa),17.08446225852157,19.708139113796804,15.772623830883948,21.019977541434425
Almada,38.65904500000005,-9.254838999999947,2026-09-28T20:00:00Z,18.5450004058657,38.66667,-9.25,"c(-9.25483899999995, 38.659045)",Praia S. João da Caparica (Almada),16.600861800715236,18.837205024507576,15.482690188819069,19.955376636403745
Marinha Grande,39.771533000000034,-9.028232999999943,2026-09-28T20:00:00Z,16.7490003205603,39.77778,-9.02777767,"c(-9.02823299999994, 39.771533)",Praia Velha (Marinha Grande),16.300432528134266,19.119766480147916,14.89076555212744,20.52943345615474
Castro Marim,37.173290000000065,-7.479619999999954,2026-09-28T20:00:00Z,23.7700006540399,37.16667,-7.47222233,"c(-7.47961999999995, 37.1732900000001)",Praia Verde (Castro Marim),18.26727138132299,21.99246233958338,16.404675902192796,23.855057818713572
Cascais,38.71483000000006,-27.060569999999927,2026-09-28T20:00:00Z,23.7446937561035,36.83334,-27.08333,"c(-27.0605699999999, 38.7148300000001)",Praia da Riviera (Praia da Vitória),21.508505300573564,22.708030459946034,20.908742720887332,23.307793039632266
Povoação,37.73046000000005,-25.310319999999933,2026-09-28T20:00:00Z,23.5853385925293,36.83334,-25.33333,"c(-25.3103199999999, 37.7304600000001)",Praia do Fogo - Ribeira Quente (Povoação),22.21325841321515,23.434901278132365,21.602436980756547,24.04572271059097
Figueira da Foz,40.146780000000035,-8.867819999999938,2026-09-28T20:00:00Z,16.288000298664,40.13889,-8.86111069,"c(-8.86781999999994, 40.14678)",Praia do Forte - Farol (Figueira da Foz),15.963366849422902,18.89812810933376,14.495986219467472,20.365508739289194
Caldas da Rainha,39.43491400000005,-9.229409999999973,2026-09-28T20:00:00Z,17.7470003679628,39.44444,-9.22222233,"c(-9.22940999999997, 39.434914)",Praia do Mar (Caldas da Rainha),16.350667695338178,19.260884770308667,14.89555915785293,20.715993307793916
Almada,38.64997900000003,-9.245628999999951,2026-09-28T20:00:00Z,18.5450004058657,38.63889,-9.25,"c(-9.24562899999995, 38.649979)",Praia do Norte (Almada),16.600861800715236,18.837205024507576,15.482690188819069,19.955376636403745
Ribeira Grande,37.82397000000003,-25.445779999999957,2026-09-28T20:00:00Z,23.7271461486816,36.83334,-25.41666,"c(-25.44578, 37.82397)",Praia dos Moinhos (Ribeira Grande),21.829656520808868,23.378396874875406,21.0552863437756,24.152767051908675
Ponta Delgada,37.887770000000046,-25.824229999999943,2026-09-28T20:00:00Z,24.0805892944336,36.83334,-25.83333,"c(-25.8242299999999, 37.88777)",Praia dos Mosteiros (Ponta Delgada),22.265455418014426,23.4301029838132,21.68313163511504,24.012426766712586
Machico,32.742500000000064,-16.715559999999982,2026-09-28T20:00:00Z,24.2730006779311,32.75,-16.72222,"c(-16.71556, 32.7425000000001)",Prainha (Machico),22.562768408183913,23.831824799514926,21.92824021251841,24.46635299518043
Angra do Heroísmo,38.65357000000006,-27.220059999999933,2026-09-28T20:00:00Z,23.7303695678711,36.83334,-27.25,"c(-27.2200599999999, 38.6535700000001)",Prainha (Angra do Heroísmo),21.391212721806667,22.943400933488036,20.615118615965986,23.719495039328717
Praia da Vitória,38.73093000000006,-27.05523999999997,2026-09-28T20:00:00Z,23.7446937561035,36.83334,-27.08333,"c(-27.05524, 38.7309300000001)",Prainha (Praia da Vitória),21.508505300573564,22.708030459946034,20.908742720887332,23.307793039632266
Vila Franca do Campo,37.71824000000004,-25.48163999999997,2026-09-28T20:00:00Z,23.861515045166,36.83334,-25.5,"c(-25.48164, 37.71824)",Prainha de Água d'Alto (Vila Franca do Campo),22.27552337672306,23.565850862086638,21.630359634041273,24.211014604768426
Cascais,38.68046000000004,-28.213269999999966,2026-09-28T20:00:00Z,23.5547122955322,36.83334,-28.25,"c(-28.21327, 38.68046)",Preguiça - Velas (Velas),20.99484058084823,22.709932833458684,20.137294454543,23.567478959763914
Vila do Conde,41.28838700000006,-8.732421999999929,2026-09-28T20:00:00Z,15.0350002391497,41.27778,-8.72222233,"c(-8.73242199999993, 41.2883870000001)",Pucinho (Vila do Conde),15.692973819883324,18.923590092756978,14.077665683446495,20.538898229193805
Ponta Delgada,37.75012000000004,-25.61817999999994,2026-09-28T20:00:00Z,23.9693164825439,36.83334,-25.58333,"c(-25.6181799999999, 37.75012)",Pópulo (Ponta Delgada),21.873021713881997,23.383216048432928,21.11792454660653,24.138313215708393
Vila do Conde,41.35904700000003,-8.757190999999978,2026-09-28T20:00:00Z,15.1880002464168,41.36111,-8.75,"c(-8.75719099999998, 41.359047)",Pôr do Sol (Vila do Conde),15.550260401773892,18.831168442226833,13.909806381547423,20.4716224624533
Loulé,37.06520000000006,-8.098599999999976,2026-09-28T20:00:00Z,23.4900006407406,37.05556,-8.11111069,"c(-8.09859999999998, 37.0652000000001)",Quarteira Central (Loulé),17.065481136052426,20.08222657497167,15.557108416592806,21.590599294431293
Loulé,37.06290000000007,-8.092499999999973,2026-09-28T20:00:00Z,23.4100006369408,37.05556,-8.08333302,"c(-8.09249999999997, 37.0629000000001)",Quarteira Nascente (Loulé),17.065481136052426,20.08222657497167,15.557108416592806,21.590599294431293
Loulé,37.06740000000008,-8.104199999999935,2026-09-28T20:00:00Z,23.4900006407406,37.05556,-8.11111069,"c(-8.10419999999993, 37.0674000000001)",Quarteira Poente (Loulé),17.065481136052426,20.08222657497167,15.557108416592806,21.590599294431293
Praia da Vitória,38.79266000000007,-27.225619999999935,2026-09-28T20:00:00Z,23.7303695678711,36.83334,-27.25,"c(-27.2256199999999, 38.7926600000001)",Quatro Ribeiras (Praia da Vitória),21.380450362688578,23.004754261696057,20.56829841318484,23.816906211199793
Matosinhos,41.239720000000034,-8.726109999999949,2026-09-28T20:00:00Z,15.2240002481267,41.25,-8.72222233,"c(-8.72610999999995, 41.23972)",Quebrada (Matosinhos),15.692973819883324,18.923590092756978,14.077665683446495,20.538898229193805
Figueira da Foz,40.21678600000007,-8.894346999999925,2026-09-28T20:00:00Z,16.4140003046487,40.22222,-8.88888931,"c(-8.89434699999993, 40.2167860000001)",Quiaios (Figueira da Foz),15.591044540349275,18.737372806880664,14.017880407083581,20.310536940146356
Loulé,37.025000000000034,-8.025799999999947,2026-09-28T20:00:00Z,23.2960006315261,37.02778,-8.02777767,"c(-8.02579999999995, 37.025)",Quinta do Lago (Loulé),17.68028954604816,20.35122855178226,16.344820043181112,21.68669805464931
Machico,32.741640000000075,-16.709419999999966,2026-09-28T20:00:00Z,24.2730006779311,32.75,-16.72222,"c(-16.70942, 32.7416400000001)",Quinta do Lorde (Machico),22.562768408183913,23.831824799514926,21.92824021251841,24.46635299518043
Póvoa de Varzim,41.40867900000006,-8.782820999999956,2026-09-28T20:00:00Z,15.3270002530189,41.41667,-8.77777767,"c(-8.78282099999996, 41.4086790000001)",Quião (Póvoa de Varzim),15.168906657362037,18.499729049334555,13.503495461375778,20.165140245320814
Almada,38.61555400000003,-9.219392999999968,2026-09-28T20:00:00Z,18.3700003975537,38.61111,-9.22222233,"c(-9.21939299999997, 38.615554)",Rainha (Almada),16.341279233528276,18.73063240188931,15.14660264934776,19.925308986069826
Cascais,38.69913200000008,-9.417936999999938,2026-09-28T20:00:00Z,18.5460004059132,38.69444,-9.41666698,"c(-9.41793699999994, 38.6991320000001)",Rainha (Cascais),15.598085488864733,18.675185304021753,14.059535581286223,20.213735211600262
Esposende,41.47389000000004,-8.776389999999935,2026-09-28T20:00:00Z,15.303000251879,41.47222,-8.77777767,"c(-8.77638999999994, 41.47389)",Ramalha (Esposende),15.092365198012716,18.385873947916384,13.445610823060882,20.03262832286822
Póvoa de Varzim,41.37937400000004,-8.76929599999994,2026-09-28T20:00:00Z,15.1880002464168,41.38889,-8.77777767,"c(-8.76929599999994, 41.379374)",Redonda (Póvoa de Varzim),15.550260401773892,18.831168442226833,13.909806381547423,20.4716224624533
Póvoa de Varzim,41.37806100000006,-8.768807999999979,2026-09-28T20:00:00Z,15.1880002464168,41.38889,-8.77777767,"c(-8.76880799999998, 41.3780610000001)",Redonda/Leixão (Póvoa de Varzim),15.550260401773892,18.831168442226833,13.909806381547423,20.4716224624533
Almada,38.60607300000004,-9.213358999999969,2026-09-28T20:00:00Z,18.3700003975537,38.61111,-9.22222233,"c(-9.21335899999997, 38.606073)",Rei (Almada),16.341279233528276,18.73063240188931,15.14660264934776,19.925308986069826
Óbidos,39.42070000000007,-9.247049999999945,2026-09-28T20:00:00Z,17.8180003713351,39.41667,-9.25,"c(-9.24704999999994, 39.4207000000001)",Rei do Cortiço (Óbidos),15.924803156825757,19.110194683735063,14.332107393371103,20.702890447189716
Santa Cruz,32.64722000000006,-16.823609999999974,2026-09-28T20:00:00Z,23.6930006503826,32.63889,-16.88889,"c(-16.82361, 32.6472200000001)",Reis Magos (Santa Cruz),22.717609318731732,24.026354595216496,22.06323668048935,24.680727233458878
Figueira da Foz,40.15081500000008,-8.873410999999976,2026-09-28T20:00:00Z,16.288000298664,40.13889,-8.86111069,"c(-8.87341099999998, 40.1508150000001)",Relógio (Figueira da Foz),15.963366849422902,18.89812810933376,14.495986219467472,20.365508739289194
Ribeira Brava,32.670830000000024,-17.067219999999963,2026-09-28T20:00:00Z,23.8480006577447,32.66667,-17.05556,"c(-17.06722, 32.67083)",Ribeira Brava (Ribeira Brava),22.687212737583177,24.01480864563725,22.023414783556145,24.67860659966428
Calheta,32.764410000000055,-17.235059999999976,2026-09-28T20:00:00Z,23.6900006502401,32.75,-17.22222,"c(-17.23506, 32.7644100000001)",Ribeira das Galinhas (Calheta),22.65864768076034,24.029290368457836,21.97332633691159,24.714611712306585
Mafra,38.987464000000045,-9.419618999999955,2026-09-28T20:00:00Z,16.7320003197528,38.97222,-9.41666698,"c(-9.41961899999995, 38.987464)",Ribeira de Ilhas - Ericeira (Mafra),15.939167181335616,18.7395576537974,14.538971945104723,20.139752890028294
Santana,32.79300000000006,-16.848419999999976,2026-09-28T20:00:00Z,24.3100006796885,32.80556,-16.86111,"c(-16.84842, 32.7930000000001)",Ribeira do Faial (Santana),22.473357733239613,23.930910762275094,21.744581218721873,24.659687276792834
Machico,32.73500000000007,-16.744999999999948,2026-09-28T20:00:00Z,23.141000624164,32.72222,-16.75,"c(-16.7449999999999, 32.7350000000001)",Ribeira do Natal (Machico),22.562768408183913,23.831824799514926,21.92824021251841,24.46635299518043
Povoação,37.746920000000046,-25.24924999999996,2026-09-28T20:00:00Z,23.4909000396729,36.83334,-25.25,"c(-25.24925, 37.74692)",Ribeira dos Pelames (Povoação),22.26024226834704,23.51992208233683,21.630402361352143,24.149761989331726
Mafra,38.96407500000004,-9.418893999999966,2026-09-28T20:00:00Z,16.7320003197528,38.97222,-9.41666698,"c(-9.41889399999997, 38.964075)",Ribeira ou dos Pescadores - Ericeira (Mafra),15.939167181335616,18.7395576537974,14.538971945104723,20.139752890028294
Esposende,41.56528000000003,-8.798329999999964,2026-09-28T20:00:00Z,15.3390002535889,41.55556,-8.80555534,"c(-8.79832999999996, 41.56528)",Rio de Moinhos (Esposende),15.045071468285764,18.293966521606354,13.42062394162547,19.91841404826665
Almada,38.61871600000006,-9.22171499999996,2026-09-28T20:00:00Z,18.3700003975537,38.61111,-9.22222233,"c(-9.22171499999996, 38.6187160000001)",Riviera (Almada),16.341279233528276,18.73063240188931,15.14660264934776,19.925308986069826
Santa Cruz,32.641940000000034,-16.829719999999952,2026-09-28T20:00:00Z,23.6950006504776,32.63889,-16.94444,"c(-16.82972, 32.64194)",Roca Mar (Santa Cruz),22.717609318731732,24.026354595216496,22.06323668048935,24.680727233458878
Portimão,37.11605000000003,-8.537369999999953,2026-09-28T20:00:00Z,23.1090006226441,37.11111,-8.52777767,"c(-8.53736999999995, 37.11605)",Rocha (Portimão),17.087604270034063,19.608635028741837,15.827088890680175,20.869150408095724
Albufeira,37.07592000000005,-8.135059999999953,2026-09-28T20:00:00Z,23.4900006407406,37.05556,-8.13888931,"c(-8.13505999999995, 37.0759200000001)",Rocha Baixinha (Albufeira),17.065481136052426,20.08222657497167,15.557108416592806,21.590599294431293
Albufeira,37.07450000000006,-8.130619999999965,2026-09-28T20:00:00Z,23.4900006407406,37.05556,-8.13888931,"c(-8.13061999999996, 37.0745000000001)",Rocha Baixinha - Nascente (Albufeira),17.065481136052426,20.08222657497167,15.557108416592806,21.590599294431293
Albufeira,37.07830000000007,-8.142519999999934,2026-09-28T20:00:00Z,23.4590006392682,37.08333,-8.16666698,"c(-8.14251999999993, 37.0783000000001)",Rocha Baixinha - Poente (Albufeira),17.065481136052426,20.08222657497167,15.557108416592806,21.590599294431293
Espinho,41.00139000000007,-8.64749999999998,2026-09-28T20:00:00Z,15.5860002653208,41,-8.63888931,"c(-8.64749999999998, 41.0013900000001)",Rua 37 (Espinho),15.847386667534302,18.933208862092485,14.30447557025521,20.476119959371577
Peniche,39.311252000000025,-9.346896999999956,2026-09-28T20:00:00Z,16.5850003127707,39.30556,-9.33333302,"c(-9.34689699999996, 39.311252)",S. Bernardino (Peniche),15.679035074078293,18.924632286225325,14.056236468004776,20.54743089229884
Sintra,38.93213100000003,-9.420158999999956,2026-09-28T20:00:00Z,16.7320003197528,38.94444,-9.41666698,"c(-9.42015899999996, 38.932131)",S. Julião (Sintra),15.738045102914318,18.664409604154045,14.274862852294454,20.12759185477391
Mafra,39.01207300000004,-9.42201799999998,2026-09-28T20:00:00Z,17.472000354901,39.02778,-9.41666698,"c(-9.42201799999998, 39.012073)",São Lourenço - Ericeira (Mafra),15.939167181335616,18.7395576537974,14.538971945104723,20.139752890028294
Alcobaça,39.51011700000004,-9.135499999999979,2026-09-28T20:00:00Z,17.4530003539985,39.52778,-9.13888931,"c(-9.13549999999998, 39.510117)",S. Martinho do Porto Norte (Alcobaça),16.38878078832391,19.190444089580563,14.987949137695582,20.591275740208893
Alcobaça,39.502608000000066,-9.14178499999997,2026-09-28T20:00:00Z,17.7000003657304,39.5,-9.16666698,"c(-9.14178499999997, 39.5026080000001)",S. Martinho do Porto Sul (Alcobaça),16.38878078832391,19.190444089580563,14.987949137695582,20.591275740208893
Marinha Grande,39.75573900000006,-9.032452999999975,2026-09-28T20:00:00Z,16.8800003267825,39.75,-9.02777767,"c(-9.03245299999998, 39.7557390000001)",S. Pedro de Moel (Marinha Grande),16.300432528134266,19.119766480147916,14.89076555212744,20.52943345615474
Cascais,38.693170000000066,-9.369003999999961,2026-09-28T20:00:00Z,18.6110004090006,38.69444,-9.36111069,"c(-9.36900399999996, 38.6931700000001)",S. Pedro do Estoril (Cascais),16.096393329086506,18.77665910148347,14.756260442888024,20.116791987681953
Machico,32.71625000000006,-16.76419999999996,2026-09-28T20:00:00Z,23.141000624164,32.72222,-16.75,"c(-16.7642, 32.7162500000001)",S. Roque (Machico),22.562768408183913,23.831824799514926,21.92824021251841,24.46635299518043
Vila do Bispo,37.064760000000035,-8.824819999999931,2026-09-28T20:00:00Z,22.964000615757,37.05556,-8.83333302,"c(-8.82481999999993, 37.06476)",Salema (Vila do Bispo),16.753432344202132,19.352525317341495,15.453885857632452,20.652071803911177
Angra do Heroísmo,38.648330000000044,-27.097599999999943,2026-09-28T20:00:00Z,23.7446937561035,36.83334,-27.08333,"c(-27.0975999999999, 38.64833)",Salga (Angra do Heroísmo),21.522226417005882,22.719714762787724,20.923482244114957,23.31845893567865
Alcobaça,39.54808300000008,-9.111916999999949,2026-09-28T20:00:00Z,17.4530003539985,39.55556,-9.11111069,"c(-9.11191699999995, 39.5480830000001)",Salgado (Alcobaça),16.38878078832391,19.190444089580563,14.987949137695582,20.591275740208893
Albufeira,37.08845000000008,-8.329389999999933,2026-09-28T20:00:00Z,23.1460006244015,37.08333,-8.33333302,"c(-8.32938999999993, 37.0884500000001)",Salgados (Albufeira),17.02940208429765,19.820911934440083,15.633647159226438,21.216666859511296
Póvoa de Varzim,41.38249700000006,-8.771288999999967,2026-09-28T20:00:00Z,15.1880002464168,41.38889,-8.77777767,"c(-8.77128899999997, 41.3824970000001)",Salgueira (Póvoa de Varzim),15.550260401773892,18.831168442226833,13.909806381547423,20.4716224624533
Angra do Heroísmo,38.671100000000024,-27.075039999999944,2026-09-28T20:00:00Z,23.7446937561035,41.11111,-8.66666698,"c(-27.0750399999999, 38.6711)",Salgueiros (Angra do Heroísmo),21.522226417005882,22.719714762787724,20.923482244114957,23.31845893567865
Vila Nova de Gaia,41.12001500000008,-8.665262999999982,2026-09-28T20:00:00Z,15.4370002582436,41.11111,-8.66666698,"c(-8.66526299999998, 41.1200150000001)",Salgueiros (Vila Nova de Gaia),15.56838540540635,18.655368143748884,14.024894036235084,20.19885951292015
Santa Cruz das Flores,39.458560000000034,-31.125819999999976,2026-09-28T20:00:00Z,23.6168975830078,36.83334,-31.16666,"c(-31.12582, 39.45856)",Santa Cruz das Flores (Santa Cruz das Flores),21.3382164017904,22.90295829714994,20.55584545411063,23.68532924482971
Lajes do Pico,38.40435100000008,-28.18693899999994,2026-09-28T20:00:00Z,23.5145168304443,36.83334,-28.16666,"c(-28.1869389999999, 38.4043510000001)",Santa Cruz das Ribeiras (Lajes do Pico),21.56133370464631,23.010801149891797,20.836599982023568,23.73553487251454
Albufeira,37.087770000000035,-8.21396999999996,2026-09-28T20:00:00Z,23.3670006348984,37.08333,-8.22222233,"c(-8.21396999999996, 37.08777)",Santa Eulália (Albufeira),16.998974780422532,19.940684070145064,15.528120135561263,21.411538715006333
Torres Vedras,39.13431600000007,-9.384398999999974,2026-09-28T20:00:00Z,17.2500003443565,39.13889,-9.38888931,"c(-9.38439899999997, 39.1343160000001)",Santa Helena (Torres Vedras),15.26779638284837,18.58839680402109,13.60749617226201,20.24869701460745
Torres Vedras,39.174491000000046,-9.358556999999962,2026-09-28T20:00:00Z,17.1450003393693,39.16667,-9.36111069,"c(-9.35855699999996, 39.174491)",Santa Rita-Norte (Torres Vedras),15.26779638284837,18.58839680402109,13.60749617226201,20.24869701460745
Torres Vedras,39.171448000000055,-9.360108999999966,2026-09-28T20:00:00Z,17.1450003393693,39.16667,-9.36111069,"c(-9.36010899999997, 39.1714480000001)",Santa Rita-Sul (Torres Vedras),15.26779638284837,18.58839680402109,13.60749617226201,20.24869701460745
Funchal,32.646510000000035,-16.899189999999976,2026-09-28T20:00:00Z,23.6500006483402,32.63889,-16.97222,"c(-16.89919, 32.64651)",Santiago (Funchal),22.830776397688588,24.11927660650811,22.18652629327883,24.763526710917866
Cascais,38.684326000000056,-9.31194899999997,2026-09-28T20:00:00Z,18.644000410568,38.66667,-9.30555534,"c(-9.31194899999997, 38.6843260000001)",Santo Amaro - Oeiras (Cascais),16.096393329086506,18.77665910148347,14.756260442888024,20.116791987681953
Póvoa de Varzim,41.416431000000046,-8.787784999999928,2026-09-28T20:00:00Z,15.3270002530189,41.41667,-8.77777767,"c(-8.78778499999993, 41.416431)",Santo André (Póvoa de Varzim),15.168906657362037,18.499729049334555,13.503495461375778,20.165140245320814
Vila Real de Santo António,37.17417000000006,-7.425829999999962,2026-09-28T20:00:00Z,23.8120006560348,37.16667,-7.41666651,"c(-7.42582999999996, 37.1741700000001)",Santo António (Vila Real de Santo António),18.187407245727677,21.943363825375123,16.309428955903954,23.821342115198846
Cascais,38.72594000000004,-27.061619999999948,2026-09-28T20:00:00Z,23.7446937561035,36.83334,-27.08333,"c(-27.0616199999999, 38.72594)",Sargentos (Praia da Vitória),21.508505300573564,22.708030459946034,20.908742720887332,23.307793039632266
Almada,38.62897700000008,-9.229036999999948,2026-09-28T20:00:00Z,18.3700003975537,38.63889,-9.22222233,"c(-9.22903699999995, 38.6289770000001)",Saúde (Almada),16.600861800715236,18.837205024507576,15.482690188819069,19.955376636403745
Vila Nova de Gaia,41.06917000000004,-8.658609999999953,2026-09-28T20:00:00Z,15.5250002624234,41.05556,-8.66666698,"c(-8.65860999999995, 41.06917)",Senhor da Pedra (Vila Nova de Gaia),15.56838540540635,18.655368143748884,14.024894036235084,20.19885951292015
Lagoa,37.096870000000024,-8.385829999999942,2026-09-28T20:00:00Z,23.1970006268239,37.08333,-8.38888931,"c(-8.38582999999994, 37.09687)",Senhora da Rocha (Lagoa),17.08446225852157,19.708139113796804,15.772623830883948,21.019977541434425
Almada,38.601365000000044,-9.210948999999971,2026-09-28T20:00:00Z,18.3700003975537,38.61111,-9.22222233,"c(-9.21094899999997, 38.601365)",Sereia (Almada),16.341279233528276,18.73063240188931,15.14660264934776,19.925308986069826
Vila Nova de Gaia,41.117211000000054,-8.664533999999946,2026-09-28T20:00:00Z,15.4370002582436,41.11111,-8.66666698,"c(-8.66453399999995, 41.1172110000001)",Sereia da Costa Verde (Vila Nova de Gaia),15.56838540540635,18.655368143748884,14.024894036235084,20.19885951292015
Calheta,32.71643000000006,-17.168789999999944,2026-09-28T20:00:00Z,23.9050006604521,32.72222,-17.16667,"c(-17.1687899999999, 32.7164300000001)",Serra de Água (Calheta),22.76959648337866,24.01729846709144,22.14574549152227,24.64114945894783
Espinho,40.99028000000004,-8.64749999999998,2026-09-28T20:00:00Z,15.5860002653208,41,-8.63888931,"c(-8.64749999999998, 40.99028)",Silvalde (Espinho),15.847386667534302,18.933208862092485,14.30447557025521,20.476119959371577
Vila Nova de Gaia,41.08913800000005,-8.657478999999967,2026-09-28T20:00:00Z,15.5620002641808,41.08333,-8.66666698,"c(-8.65747899999997, 41.089138)",Sindicato (Vila Nova de Gaia),15.56838540540635,18.655368143748884,14.024894036235084,20.19885951292015
Almada,38.64740800000004,-9.243740999999943,2026-09-28T20:00:00Z,18.5450004058657,38.63889,-9.25,"c(-9.24374099999994, 38.647408)",St. António (Almada),16.600861800715236,18.837205024507576,15.482690188819069,19.955376636403745
Esposende,41.54553400000003,-8.792368999999951,2026-09-28T20:00:00Z,15.3390002535889,41.55556,-8.80555534,"c(-8.79236899999995, 41.545534)",Suave Mar Centro (Esposende),15.045071468285764,18.293966521606354,13.42062394162547,19.91841404826665
Esposende,41.547465000000045,-8.791891999999962,2026-09-28T20:00:00Z,15.3390002535889,41.55556,-8.80555534,"c(-8.79189199999996, 41.547465)",Suave Mar Norte (Esposende),15.045071468285764,18.293966521606354,13.42062394162547,19.91841404826665
Esposende,41.54248700000005,-8.792599999999936,2026-09-28T20:00:00Z,15.3390002535889,41.55556,-8.80555534,"c(-8.79259999999994, 41.5424870000001)",Suave Mar Sul (Esposende),15.045071468285764,18.293966521606354,13.42062394162547,19.91841404826665
Santa Cruz,32.68596000000008,-16.792349999999942,2026-09-28T20:00:00Z,22.7740006067324,32.66667,-16.77778,"c(-16.7923499999999, 32.6859600000001)",São Fernando (Santa Cruz),22.50660960500027,23.815423254424545,21.852202780288135,24.46983007913668
Aveiro,40.66954800000008,-8.746322999999961,2026-09-28T20:00:00Z,15.6410002679331,40.66667,-8.75,"c(-8.74632299999996, 40.6695480000001)",São Jacinto (Aveiro),15.693977376669684,18.733112389040045,14.174409870484503,20.252679895225228
Vila do Porto,36.98803000000004,-25.054069999999967,2026-09-28T20:00:00Z,23.1591205596924,36.83334,-25.08333,"c(-25.05407, 36.98803)",São Lourenço (Vila do Porto),22.550287931497692,23.849358982851484,21.900752405820796,24.49889450852838
Madalena,38.43078000000003,-28.46103999999997,2026-09-28T20:00:00Z,23.8756160736084,36.83334,-28.5,"c(-28.46104, 38.43078)",São Mateus (Madalena),21.536666592185135,22.815596778200394,20.897201499177505,23.455061871208024
Vila do Conde,41.28318000000007,-8.731866999999966,2026-09-28T20:00:00Z,15.0350002391497,41.27778,-8.72222233,"c(-8.73186699999997, 41.2831800000001)",São Paio/Moreiró (Vila do Conde),15.692973819883324,18.923590092756978,14.077665683446495,20.538898229193805
Ovar,40.920420000000036,-8.66328999999996,2026-09-28T20:00:00Z,15.5840002652258,40.91667,-8.66666698,"c(-8.66328999999996, 40.92042)",São Pedro de Maceda (Ovar),16.030471875895458,18.975301825346257,14.558056901170058,20.447716800071657
Albufeira,37.07460700000007,-8.280789999999968,2026-09-28T20:00:00Z,23.2700006302912,37.05556,-8.27777767,"c(-8.28078999999997, 37.0746070000001)",São Rafael (Albufeira),16.998974780422532,19.940684070145064,15.528120135561263,21.411538715006333
Sines,37.925464000000034,-8.806457999999964,2026-09-28T20:00:00Z,21.5220005472656,37.91667,-8.80555534,"c(-8.80645799999996, 37.925464)",São Torpes (Sines),15.786357443666729,19.01996509867628,14.169553616161952,20.63676892618106
Vila Nova de Gaia,41.07250000000005,-8.658329999999978,2026-09-28T20:00:00Z,15.5620002641808,41.08333,-8.66666698,"c(-8.65832999999998, 41.0725)",Sãozinha (Vila Nova de Gaia),15.56838540540635,18.655368143748884,14.024894036235084,20.19885951292015
Figueira da Foz,40.16736000000003,-8.886787999999967,2026-09-28T20:00:00Z,16.288000298664,40.16667,-8.88888931,"c(-8.88678799999997, 40.16736)",Tamargueira (Figueira da Foz),15.963366849422902,18.89812810933376,14.495986219467472,20.365508739289194
Cascais,38.702289000000064,-9.398832999999968,2026-09-28T20:00:00Z,18.5610004066257,38.69444,-9.38888931,"c(-9.39883299999997, 38.7022890000001)",Tamariz - Estoril (Cascais),15.598085488864733,18.675185304021753,14.059535581286223,20.213735211600262
Almada,38.64174900000006,-9.238948999999934,2026-09-28T20:00:00Z,18.5450004058657,38.63889,-9.25,"c(-9.23894899999993, 38.6417490000001)",Tarquinio-Paraíso (Almada),16.600861800715236,18.837205024507576,15.482690188819069,19.955376636403745
Tavira,37.09767000000005,-7.640619999999956,2026-09-28T20:00:00Z,23.732000652235,37.08333,-7.63888884,"c(-7.64061999999996, 37.0976700000001)",Terra Estreita (Tavira),17.215521667459456,21.11215449041473,15.267205255981821,23.060470901892366
Vila do Conde,41.298145000000034,-8.737344999999948,2026-09-28T20:00:00Z,15.1980002468918,41.30556,-8.75,"c(-8.73734499999995, 41.298145)",Terra Nova (Vila do Conde),15.550260401773892,18.831168442226833,13.909806381547423,20.4716224624533
Cantanhede,40.329338000000064,-8.845530999999937,2026-09-28T20:00:00Z,16.288000298664,40.33333,-8.83333302,"c(-8.84553099999994, 40.3293380000001)",Tocha (Cantanhede),15.553076338366166,18.692881234832203,13.983173890133148,20.26278368306522
Vila do Bispo,37.00703000000004,-8.948399999999936,2026-09-28T20:00:00Z,22.8490006102948,37,-8.94444466,"c(-8.94839999999994, 37.00703)",Tonel (Vila do Bispo),16.77504424182386,19.64087895168372,15.34212688689393,21.07379630661365
Angra do Heroísmo,38.67549400000007,-9.322997999999927,2026-09-28T20:00:00Z,18.6560004111379,38.66667,-9.33333302,"c(-9.32299799999993, 38.6754940000001)",Torre - Oeiras (Cascais),16.096393329086506,18.77665910148347,14.756260442888024,20.116791987681953
Murtosa,40.76149000000004,-8.714293999999938,2026-09-28T20:00:00Z,15.6130002666032,40.75,-8.72222233,"c(-8.71429399999994, 40.76149)",Torreira (Murtosa),15.744859792070327,18.661143765741308,14.286717805234838,20.1192857525768
Ovar,40.82889000000006,-8.691669999999931,2026-09-28T20:00:00Z,15.5900002655108,40.83333,-8.69444466,"c(-8.69166999999993, 40.8288900000001)",Torrão do Lameiro (Ovar),16.471489779328092,19.03373796862493,15.190365684679676,20.314862063273345
Lagoa,37.09982000000008,-8.377079999999978,2026-09-28T20:00:00Z,23.1970006268239,37.08333,-8.38888931,"c(-8.37707999999998, 37.0998200000001)",Tremoços (Lagoa),17.08446225852157,19.708139113796804,15.772623830883948,21.019977541434425
Portimão,37.11760000000004,-8.548299999999927,2026-09-28T20:00:00Z,23.0880006216466,37.11111,-8.55555534,"c(-8.54829999999993, 37.1176)",Três Castelos (Portimão),17.01181816719386,19.495070547875727,15.77019197685292,20.736696738216665
Portimão,37.119470000000035,-8.581811999999957,2026-09-28T20:00:00Z,23.0890006216941,37.11111,-8.58333302,"c(-8.58181199999996, 37.11947)",Três Irmãos (Portimão),17.01181816719386,19.495070547875727,15.77019197685292,20.736696738216665
Grândola,38.48101600000007,-8.898271999999963,2026-09-28T20:00:00Z,18.9970004273346,38.47222,-8.88888931,"c(-8.89827199999996, 38.4810160000001)",Tróia - Bico das Lulas (Grândola),15.715937847263984,18.56608869316481,14.29086242431357,19.991164116115225
Grândola,38.48463200000003,-8.904022999999938,2026-09-28T20:00:00Z,19.0590004302794,38.47222,-8.91666698,"c(-8.90402299999994, 38.484632)",Tróia - Galé (Grândola),15.715937847263984,18.56608869316481,14.29086242431357,19.991164116115225
Grândola,38.491930000000025,-8.906540999999947,2026-09-28T20:00:00Z,19.0590004302794,38.5,-8.91666698,"c(-8.90654099999995, 38.49193)",Tróia - Mar (Grândola),15.715937847263984,18.56608869316481,14.29086242431357,19.991164116115225
Vila do Conde,41.35046500000004,-8.754199999999969,2026-09-28T20:00:00Z,15.1880002464168,41.36111,-8.75,"c(-8.75419999999997, 41.350465)",Turismo (Vila do Conde),15.550260401773892,18.831168442226833,13.909806381547423,20.4716224624533
Vagos,40.56144900000004,-8.770414999999957,2026-09-28T20:00:00Z,15.9730002837023,40.55556,-8.77777767,"c(-8.77041499999996, 40.561449)",Vagueira (Vagos),15.895722544496433,18.791987923247287,14.447589855121006,20.240120612622714
Vagos,40.56492600000007,-8.769608999999946,2026-09-28T20:00:00Z,15.9730002837023,40.55556,-8.77777767,"c(-8.76960899999995, 40.5649260000001)",Vagueira Norte (Vagos),15.895722544496433,18.791987923247287,14.447589855121006,20.240120612622714
Vagos,40.55872800000003,-8.771245999999962,2026-09-28T20:00:00Z,15.9730002837023,40.55556,-8.77777767,"c(-8.77124599999996, 40.558728)",Vagueira Sul (Vagos),15.895722544496433,18.791987923247287,14.447589855121006,20.240120612622714
Vila Nova de Gaia,41.09194000000008,-8.658059999999978,2026-09-28T20:00:00Z,15.5620002641808,41.08333,-8.66666698,"c(-8.65805999999998, 41.0919400000001)",Valadares Norte (Vila Nova de Gaia),15.56838540540635,18.655368143748884,14.024894036235084,20.19885951292015
Lagoa,37.09122000000008,-8.455599999999947,2026-09-28T20:00:00Z,23.1760006258264,37.08333,-8.44444466,"c(-8.45559999999995, 37.0912200000001)",Vale Centeanes (Lagoa),17.08446225852157,19.708139113796804,15.772623830883948,21.019977541434425
Aljezur,37.247700000000066,-8.869559999999979,2026-09-28T20:00:00Z,21.8220005615149,37.25,-8.86111069,"c(-8.86955999999998, 37.2477000000001)",Vale Figueiras (Aljezur),16.483088414227055,19.663047410144472,14.893108916268343,21.253026908103184
Óbidos,39.400450000000035,-9.277616999999964,2026-09-28T20:00:00Z,17.8180003713351,39.41667,-9.27777767,"c(-9.27761699999996, 39.40045)",Vale de Janelas (Óbidos),15.924803156825757,19.110194683735063,14.332107393371103,20.702890447189716
Loulé,37.04759000000007,-8.064759999999978,2026-09-28T20:00:00Z,23.2870006310986,37.05556,-8.05555534,"c(-8.06475999999998, 37.0475900000001)",Vale do Lobo (Loulé),17.065481136052426,20.08222657497167,15.557108416592806,21.590599294431293
Lagoa,37.10152000000005,-8.36952999999994,2026-09-28T20:00:00Z,23.0730006209342,37.08333,-8.36111069,"c(-8.36952999999994, 37.1015200000001)",Vale do Olival (Lagoa),17.02940208429765,19.820911934440083,15.633647159226438,21.216666859511296
Aljezur,37.38351000000006,-8.825769999999977,2026-09-28T20:00:00Z,21.7000005557202,37.38889,-8.83333302,"c(-8.82576999999998, 37.3835100000001)",Vale dos Homens (Aljezur),16.55136762362649,19.63220785769574,15.010947506591865,21.172627974730364
Torres Vedras,39.20139000000006,-9.347518999999977,2026-09-28T20:00:00Z,16.9390003295848,39.19444,-9.36111069,"c(-9.34751899999998, 39.2013900000001)",Valmitão (Torres Vedras),15.26779638284837,18.58839680402109,13.60749617226201,20.24869701460745
Horta,38.56427000000008,-28.775289999999984,2026-09-28T20:00:00Z,23.9162464141846,36.83334,-28.75,"c(-28.77529, 38.5642700000001)",Varadouro (Horta),21.778774479306534,23.28415032459332,21.02608655666314,24.036838247236712
Sines,37.95336400000008,-8.864911999999947,2026-09-28T20:00:00Z,21.5970005508279,37.94444,-8.86111069,"c(-8.86491199999995, 37.9533640000001)",Vasco da Gama (Sines),15.786357443666729,19.01996509867628,14.169553616161952,20.63676892618106
Portimão,37.11941000000007,-8.55813999999998,2026-09-28T20:00:00Z,23.0880006216466,37.11111,-8.55555534,"c(-8.55813999999998, 37.1194100000001)",Vau (Portimão),17.01181816719386,19.495070547875727,15.77019197685292,20.736696738216665
Póvoa de Varzim,41.385492000000056,-8.774176999999952,2026-09-28T20:00:00Z,15.1880002464168,41.38889,-8.77777767,"c(-8.77417699999995, 41.3854920000001)",Verde (Póvoa de Varzim),15.168906657362037,18.499729049334555,13.503495461375778,20.165140245320814
Lajes do Pico,38.41355200000004,-28.33996099999996,2026-09-28T20:00:00Z,23.6406021118164,36.83334,-28.33333,"c(-28.339961, 38.413552)",Verdoso (Lajes do Pico),21.301543234894066,22.675090158239993,20.614769773221106,23.361863619912953
Marinha Grande,39.873680000000036,-8.97358399999996,2026-09-28T20:00:00Z,16.6480003157631,39.86111,-8.97222233,"c(-8.97358399999996, 39.87368)",Vieira (Marinha Grande),16.141422037581908,19.004983854247524,14.709641129249096,20.436764762580335
Sines,37.895564000000036,-8.796733999999958,2026-09-28T20:00:00Z,21.6770005546277,37.88889,-8.80555534,"c(-8.79673399999996, 37.895564)",Vieirinha - Vale de Figueiros (Sines),15.786357443666729,19.01996509867628,14.169553616161952,20.63676892618106
Câmara de Lobos,32.64830000000006,-16.978899999999953,2026-09-28T20:00:00Z,23.5380006430205,32.63889,-16.83333,"c(-16.9789, 32.6483000000001)",Vigário (Câmara de Lobos),22.57520631977621,23.976478849407076,21.87457005496078,24.677115114222506
Vila do Conde,41.28990900000008,-8.733053999999981,2026-09-28T20:00:00Z,15.0350002391497,41.27778,-8.72222233,"c(-8.73305399999998, 41.2899090000001)",Vila Chã (Vila do Conde),15.692973819883324,18.923590092756978,14.077665683446495,20.538898229193805
Caminha,41.81221900000003,-8.866116999999974,2026-09-28T20:00:00Z,15.7150002714479,41.80556,-8.86111069,"c(-8.86611699999997, 41.812219)",Vila Praia de Âncora (Caminha),14.895867065978926,18.124716885798932,13.281442156068922,19.739141795708935
Loulé,37.07188000000008,-8.118959999999959,2026-09-28T20:00:00Z,23.4900006407406,37.05556,-8.11111069,"c(-8.11895999999996, 37.0718800000001)",Vilamoura (Loulé),17.065481136052426,20.08222657497167,15.557108416592806,21.590599294431293
Vila Franca do Campo,37.71679000000006,-25.42608999999993,2026-09-28T20:00:00Z,23.7271461486816,36.83334,-25.41666,"c(-25.4260899999999, 37.7167900000001)",Vinha da Areia (Vila Franca do Campo),21.83457195126189,23.347793579041653,21.077961137372004,24.10440439293154
Odemira,37.52304300000003,-8.786684999999977,2026-09-28T20:00:00Z,21.5720005496405,37.52778,-8.77777767,"c(-8.78668499999998, 37.523043)",Zambujeira do Mar (Odemira),16.05401261914163,19.373413400978066,14.394312228223416,21.03311379189628
Vila do Bispo,37.04615000000007,-8.871579999999938,2026-09-28T20:00:00Z,22.964000615757,37.02778,-8.86111069,"c(-8.87157999999994, 37.0461500000001)",Zavial (Vila do Bispo),16.753432344202132,19.352525317341495,15.453885857632452,20.652071803911177
Santa Cruz da Graciosa,39.08775000000003,-28.00855999999993,2026-09-28T20:00:00Z,23.5582733154297,36.83334,-28,"c(-28.0085599999999, 39.08775)",Zona Balnear Santa Cruz - Calheta (Santa Cruz da Graciosa),21.57584459287685,22.983263217914203,20.87213528035818,23.686972530432875
Vila Franca do Campo,37.716620000000034,-25.473529999999982,2026-09-28T20:00:00Z,23.861515045166,36.83334,-25.5,"c(-25.47353, 37.71662)",Água D'alto (Vila Franca do Campo),22.27552337672306,23.565850862086638,21.630359634041273,24.211014604768426
Alcobaça,39.740117000000055,-9.04043299999995,2026-09-28T20:00:00Z,16.8800003267825,39.75,-9.02777767,"c(-9.04043299999995, 39.7401170000001)",Água de Madeiros (Alcobaça),16.300432528134266,19.119766480147916,14.89076555212744,20.52943345615474
Vila do Conde,41.330310000000054,-8.740069999999946,2026-09-28T20:00:00Z,15.1980002468918,41.33333,-8.75,"c(-8.74006999999995, 41.3303100000001)",Árvore (Vila do Conde),15.550260401773892,18.831168442226833,13.909806381547423,20.4716224624533
Viana do Castelo,41.78556000000003,-8.871389999999963,2026-09-28T20:00:00Z,15.7620002736803,41.77778,-8.86111069,"c(-8.87138999999996, 41.78556)",Ínsua (Viana do Castelo),14.85622680772109,18.211334157782307,13.178673132690479,19.888887832812916
